Mass Number (A),Atomic Number (Z),Element,Half-Life (s),Beta Branch Ratio,Beta Partial Half-Life (log(s))
1,0,1n,609.8,1.0,2.785187420029362
3,1,3H,388781328.32,1.0,8.589705399252408
6,2,6He,0.80692,1.0,-0.0931695201487791
8,2,8He,0.1195,1.0,-0.9226320947158435
8,3,8Li,0.8387000000000001,1.0,-0.07639335698254082
9,3,9Li,0.1782,1.0,-0.7490923002991441
10,4,10Be,43769456362000.0,1.0,13.641171152497286
11,3,11Li,0.00875,1.0,-2.057991946977687
11,4,11Be,13.76,1.0,1.1386184338994925
12,4,12Be,0.02146,1.0,-1.6683702823700677
12,5,12B,0.0202,1.0,-1.6946486305533763
13,5,13B,0.01716,1.0,-1.7654827164873133
14,4,14Be,0.00453,1.0,-2.343901797987168
14,5,14B,0.01236,1.0,-1.907981529247203
14,6,14C,179874478200.0,1.0,11.254969547096493
15,5,15B,0.01018,1.0,-1.99225222199926
15,6,15C,2.449,1.0,0.3889887851247141
16,6,16C,0.75,1.0,-0.12493873660829995
16,7,16N,7.13,1.0,0.8530895298518656
17,5,17B,0.00508,1.0,-2.2941362877160807
17,6,17C,0.193,1.0,-0.7144426909922262
17,7,17N,4.173,1.0,0.6204483847117088
18,6,18C,0.092,1.0,-1.0362121726544449
18,7,18N,0.6192000000000001,1.0,-0.20816905232516375
19,5,19B,0.00292,1.0,-2.5346171485515816
19,6,19C,0.0462,1.0,-1.3353580244438745
19,7,19N,0.336,1.0,-0.4736607226101559
19,8,19O,26.47,1.0,1.4227539413013481
20,6,20C,0.016,1.0,-1.7958800173440752
20,7,20N,0.136,1.0,-0.8664610916297825
20,8,20O,13.51,1.0,1.1306553490220306
20,9,20F,11.0062,1.0,1.0416374003620352
21,7,21N,0.085,1.0,-1.0705810742857071
21,8,21O,3.42,1.0,0.534026106056135
21,9,21F,4.158,1.0,0.6188844849954505
22,6,22C,0.0062,1.0,-2.207608310501746
22,7,22N,0.023,1.0,-1.6382721639824072
22,8,22O,2.25,1.0,0.3521825181113625
22,9,22F,4.23,1.0,0.6263403673750424
23,7,23N,0.0139,1.0,-1.856985199745905
23,8,23O,0.097,1.0,-1.0132282657337552
23,9,23F,2.23,1.0,0.34830486304816066
23,10,23Ne,37.15,1.0,1.569958818096594
24,8,24O,0.0774,1.0,-1.1112590393171073
24,9,24F,0.384,1.0,-0.4156687756324692
24,10,24Ne,202.8,1.0,2.3070679506612985
24,11,24Na,53841.6,1.0,4.731117957249469
25,9,25F,0.08,1.0,-1.0969100130080565
25,10,25Ne,0.602,1.0,-0.22040350874217546
25,11,25Na,59.1,1.0,1.7715874808812555
26,9,26F,0.0081999999999999,1.0,-2.0861861476162886
26,10,26Ne,0.197,1.0,-0.7055337738384071
26,11,26Na,1.07128,1.0,0.029902997033496276
27,9,27F,0.005,1.0,-2.3010299956639813
27,10,27Ne,0.0309,1.0,-1.5100415205751654
27,11,27Na,0.301,1.0,-0.5214335044061567
27,12,27Mg,566.1,1.0,2.752893154884594
28,10,28Ne,0.0188,1.0,-1.7258421507363202
28,11,28Na,0.0331,1.0,-1.4801720062242814
28,12,28Mg,75294.0,1.0,4.876760369683937
28,13,28Al,134.70000000000002,1.0,2.129367595722986
29,9,29F,0.0025,1.0,-2.6020599913279625
29,10,29Ne,0.0147,1.0,-1.832682665251824
29,11,29Na,0.0432,1.0,-1.3645162531850878
29,12,29Mg,1.3,1.0,0.11394335230683679
29,13,29Al,393.6,1.0,2.595055089759304
30,10,30Ne,0.00722,1.0,-2.141462802430361
30,11,30Na,0.0458999999999999,1.0,-1.3381873144627396
30,12,30Mg,0.317,1.0,-0.4989407377822485
30,13,30Al,3.62,1.0,0.5587085705331657
31,10,31Ne,0.0034,1.0,-2.468521082957745
31,11,31Na,0.0168,1.0,-1.7746907182741372
31,12,31Mg,0.27,1.0,-0.5686362358410126
31,13,31Al,0.644,1.0,-0.1911141326401879
31,14,31Si,9429.6,1.0,3.9744932705234124
32,10,32Ne,0.0035,1.0,-2.4559319556497243
32,11,32Na,0.0129,1.0,-1.889410289700751
32,12,32Mg,0.0804,1.0,-1.0947439512515487
32,13,32Al,0.0326,1.0,-1.486782399932061
32,14,32Si,4954437382.0,1.0,9.694994343833235
32,15,32P,1232841.6,1.0,6.090907280435891
33,11,33Na,0.0081999999999999,1.0,-2.0861861476162886
33,12,33Mg,0.092,1.0,-1.0362121726544449
33,13,33Al,0.04146,1.0,-1.382370702242158
33,14,33Si,6.18,1.0,0.7909884750888159
33,15,33P,2190240.0,1.0,6.340491706148248
34,11,34Na,0.0055,1.0,-2.2596373105057563
34,12,34Mg,0.0449,1.0,-1.3477536589966768
34,13,34Al,0.05373,1.0,-1.269783159431306
34,14,34Si,2.77,1.0,0.4424797690644485
34,15,34P,12.43,1.0,1.0944711286416449
35,11,35Na,0.0015,1.0,-2.8239087409443187
35,12,35Mg,0.0113,1.0,-1.9469215565165803
35,13,35Al,0.03816,1.0,-1.4183916339679425
35,14,35Si,0.78,1.0,-0.10790539730951958
35,15,35P,47.3,1.0,1.6748611407378116
35,16,35S,7548768.0,1.0,6.8778760781906545
36,12,36Mg,0.0039,1.0,-2.408935392973501
36,13,36Al,0.09,1.0,-1.0457574905606752
36,14,36Si,0.503,1.0,-0.2984320149440726
36,15,36P,5.6,1.0,0.7481880270062004
36,17,36Cl,9508101803800.0,0.981,12.98642481571741
37,13,37Al,0.0114,1.0,-1.9430951486635275
37,14,37Si,0.141,1.0,-0.8507808873446201
37,15,37P,2.31,1.0,0.36361197989214433
37,16,37S,303.0,1.0,2.4814426285023052
38,13,38Al,0.009,1.0,-2.0457574905606752
38,14,38Si,0.063,1.0,-1.2006594505464183
38,15,38P,0.64,1.0,-0.1938200260161128
38,16,38S,10218.0,1.0,4.009365898346244
38,17,38Cl,2233.8,1.0,3.349044286602036
39,13,39Al,0.0076,1.0,-2.1191864077192086
39,14,39Si,0.0412,1.0,-1.3851027839668655
39,15,39P,0.282,1.0,-0.549750891680639
39,16,39S,11.5,1.0,1.0606978403536118
39,17,39Cl,3372.0,1.0,3.527887565952705
39,18,39Ar,8457256168.0,1.0,9.92722948545279
40,14,40Si,0.0312,1.0,-1.5058454059815571
40,15,40P,0.15,1.0,-0.8239087409443188
40,16,40S,8.8,1.0,0.9444826721501687
40,17,40Cl,81.0,1.0,1.9084850188786497
40,19,40K,3.9383043648e+16,0.8928,16.644555095176905
41,14,41Si,0.02,1.0,-1.6989700043360187
41,15,41P,0.101,1.0,-0.9956786262173574
41,16,41S,1.99,1.0,0.29885307640970665
41,17,41Cl,38.4,1.0,1.5843312243675307
41,18,41Ar,6576.6,1.0,3.818001428133308
42,14,42Si,0.0125,1.0,-1.9030899869919435
42,15,42P,0.0485,1.0,-1.3142582613977363
42,16,42S,1.016,1.0,0.006893707947900457
42,17,42Cl,6.8,1.0,0.8325089127062363
42,18,42Ar,1038222865.4,1.0,9.016290589373975
42,19,42K,44478.0,1.0,4.648145250505386
43,15,43P,0.0358,1.0,-1.4461169733561257
43,16,43S,0.265,1.0,-0.5767541260631921
43,17,43Cl,3.13,1.0,0.49554433754644844
43,18,43Ar,322.2,1.0,2.5081255360831993
43,19,43K,80280.0,1.0,4.904607363815448
44,15,44P,0.0185,1.0,-1.7328282715969863
44,16,44S,0.1,1.0,-1.0
44,17,44Cl,0.562,1.0,-0.2502636844309389
44,18,44Ar,712.1999999999999,1.0,2.852601969338235
44,19,44K,1327.8,1.0,3.1231326643109014
45,16,45S,0.068,1.0,-1.1674910872937636
45,17,45Cl,0.413,1.0,-0.384049948343599
45,18,45Ar,21.48,1.0,1.332034277027518
45,19,45K,1068.0,1.0,3.0285712526925375
45,20,45Ca,14049504.000000002,1.0,7.147660992293385
46,16,46S,0.05,1.0,-1.3010299956639813
46,17,46Cl,0.232,1.0,-0.6345120151091003
46,18,46Ar,8.4,1.0,0.9242792860618817
46,19,46K,96.3,1.0,1.9836262871245345
46,21,46Sc,7236604.800000001,1.0,6.859534855911156
47,17,47Cl,0.101,1.0,-0.9956786262173574
47,18,47Ar,1.23,1.0,0.08990511143939793
47,19,47K,17.38,1.0,1.2400497721126476
47,20,47Ca,391910.4,1.0,5.593186788363743
47,21,47Sc,289370.88,1.0,5.461454825015149
48,18,48Ar,0.415,1.0,-0.3819519032879073
48,19,48K,6.83,1.0,0.8344207036815325
48,21,48Sc,157212.0,1.0,5.196485692688627
49,18,49Ar,0.236,1.0,-0.6270879970298935
49,19,49K,1.26,1.0,0.10037054511756291
49,20,49Ca,523.08,1.0,2.7185681150653087
49,21,49Sc,3430.8,1.0,3.535395401405614
50,18,50Ar,0.106,1.0,-0.9746941347352298
50,19,50K,0.472,1.0,-0.32605800136591223
50,20,50Ca,13.45,1.0,1.1287222843384268
50,21,50Sc,102.5,1.0,2.010723865391773
51,19,51K,0.365,1.0,-0.4377071355435253
51,20,51Ca,10.0,1.0,1.0
51,21,51Sc,12.4,1.0,1.0934216851622351
51,22,51Ti,345.6,1.0,2.5385737338068557
52,19,52K,0.11,1.0,-0.958607314841775
52,20,52Ca,4.6,1.0,0.6627578316815741
52,21,52Sc,8.2,1.0,0.9138138523837167
52,22,52Ti,102.0,1.0,2.0086001717619175
52,23,52V,224.58,1.0,2.3513710774980656
53,19,53K,0.03,1.0,-1.5228787452803376
53,20,53Ca,0.461,1.0,-0.33629907461035186
53,21,53Sc,2.4,1.0,0.38021124171160603
53,22,53Ti,32.7,1.0,1.5145477526602862
53,23,53V,92.58,1.0,1.966517176446792
54,19,54K,0.01,1.0,-2.0
54,20,54Ca,0.09,1.0,-1.0457574905606752
54,21,54Sc,0.526,1.0,-0.27901425584626094
54,22,54Ti,2.1,1.0,0.3222192947339193
54,23,54V,49.8,1.0,1.6972293427597176
54,25,54Mn,26963798.4,0.0093,9.462298122839133
55,20,55Ca,0.022,1.0,-1.6575773191777938
55,21,55Sc,0.096,1.0,-1.0177287669604316
55,22,55Ti,1.3,1.0,0.11394335230683679
55,23,55V,6.54,1.0,0.8155777483242672
55,24,55Cr,209.82,1.0,2.3218468826928884
56,20,56Ca,0.011,1.0,-1.958607314841775
56,22,56Ti,0.2,1.0,-0.6989700043360187
56,23,56V,0.216,1.0,-0.6655462488490691
56,24,56Cr,356.40000000000003,1.0,2.5519376953648374
56,25,56Mn,9284.04,1.0,3.967737002932292
57,21,57Sc,0.022,1.0,-1.6575773191777938
57,22,57Ti,0.095,1.0,-1.0222763947111522
57,23,57V,0.35,1.0,-0.45593195564972444
57,24,57Cr,21.1,1.0,1.3242824552976926
57,25,57Mn,85.4,1.0,1.931457870689005
58,21,58Sc,0.012,1.0,-1.9208187539523751
58,22,58Ti,0.055,1.0,-1.2596373105057561
58,23,58V,0.191,1.0,-0.7189666327522725
58,24,58Cr,7.0,1.0,0.8450980400142568
58,25,58Mn,3.0,1.0,0.47712125471966244
59,22,59Ti,0.0285,1.0,-1.5451551399914898
59,23,59V,0.095,1.0,-1.0222763947111522
59,24,59Cr,1.05,1.0,0.021189299069938092
59,25,59Mn,4.59,1.0,0.6618126855372612
59,26,59Fe,3844800.0,1.0,6.584873753459825
60,22,60Ti,0.0222,1.0,-1.6536470255493614
60,24,60Cr,0.49,1.0,-0.3098039199714864
60,25,60Mn,0.28,1.0,-0.5528419686577808
60,26,60Fe,82679146120000.0,1.0,13.917395982743747
60,27,60Co,166349179.7164,1.0,8.221020663662795
61,22,61Ti,0.015,1.0,-1.8239087409443189
61,23,61V,0.0482,1.0,-1.3169529617611504
61,24,61Cr,0.243,1.0,-0.6143937264016879
61,25,61Mn,0.709,1.0,-0.1493537648169335
61,26,61Fe,358.8,1.0,2.5548524343720547
61,27,61Co,5936.4,1.0,3.773523156411806
62,23,62V,0.0336,1.0,-1.473660722610156
62,24,62Cr,0.206,1.0,-0.6861327796308466
62,26,62Fe,68.0,1.0,1.8325089127062364
62,27,62Co,92.4,1.0,1.9656719712201067
63,23,63V,0.0196,1.0,-1.707743928643524
63,24,63Cr,0.129,1.0,-0.889410289700751
63,25,63Mn,0.275,1.0,-0.5606673061697374
63,26,63Fe,6.1,1.0,0.785329835010767
63,27,63Co,26.9,1.0,1.429752280002408
63,28,63Ni,3193560911.2000003,1.0,9.504275203927781
64,23,64V,0.015,1.0,-1.8239087409443189
64,24,64Cr,0.043,1.0,-1.3665315444204136
64,25,64Mn,0.0888,1.0,-1.051587034221399
64,26,64Fe,2.0,1.0,0.3010299956639812
64,27,64Co,0.3,1.0,-0.5228787452803376
64,29,64Cu,45721.44,0.3848,5.0748848367084225
65,24,65Cr,0.0275,1.0,-1.5606673061697374
65,25,65Mn,0.0919,1.0,-1.0366844886138888
65,26,65Fe,0.805,1.0,-0.09420411963213146
65,27,65Co,1.16,1.0,0.06445798922691845
65,28,65Ni,9063.0,1.0,3.957271979992943
66,24,66Cr,0.0238,1.0,-1.623423042943488
66,25,66Mn,0.0638,1.0,-1.1951793212788377
66,26,66Fe,0.467,1.0,-0.33068311943388784
66,27,66Co,0.194,1.0,-0.712198270069774
66,28,66Ni,196560.0,1.0,5.2934951434720245
66,29,66Cu,307.2,1.0,2.4874212113594742
67,25,67Mn,0.0467,1.0,-1.330683119433888
67,26,67Fe,0.394,1.0,-0.40450377817442584
67,27,67Co,0.329,1.0,-0.48280410205002566
67,28,67Ni,21.0,1.0,1.3222192947339193
67,29,67Cu,222588.0,1.0,5.347501747266163
68,25,68Mn,0.0337,1.0,-1.4723700991286615
68,26,68Fe,0.188,1.0,-0.7258421507363202
68,28,68Ni,29.0,1.0,1.462397997898956
68,29,68Cu,30.9,1.0,1.4899584794248346
69,25,69Mn,0.0221,1.0,-1.6556077263148894
69,26,69Fe,0.162,1.0,-0.790484985457369
69,28,69Ni,11.4,1.0,1.0569048513364727
69,29,69Cu,171.0,1.0,2.232996110392154
69,30,69Zn,3384.0,1.0,3.529430354366986
70,25,70Mn,0.0198999999999999,1.0,-1.7011469235902956
70,26,70Fe,0.0614,1.0,-1.2118316288588322
70,28,70Ni,6.0,1.0,0.7781512503836436
70,29,70Cu,44.5,1.0,1.6483600109809315
70,31,70Ga,1268.4,0.9959,3.1050405009840927
71,26,71Fe,0.0343,1.0,-1.4647058799572297
71,27,71Co,0.08,1.0,-1.0969100130080565
71,28,71Ni,2.56,1.0,0.4082399653118496
71,29,71Cu,19.4,1.0,1.287801729930226
71,30,71Zn,144.0,1.0,2.1583624920952498
72,26,72Fe,0.017,1.0,-1.7695510786217261
72,28,72Ni,1.57,1.0,0.19589965240923374
72,29,72Cu,6.63,1.0,0.8215135284047731
72,30,72Zn,167400.0,1.0,5.223755453657241
72,31,72Ga,50490.0,1.0,4.703205370695486
73,26,73Fe,0.0129,1.0,-1.889410289700751
73,27,73Co,0.042,1.0,-1.3767507096020994
73,28,73Ni,0.84,1.0,-0.07572071393811836
73,29,73Cu,4.2,1.0,0.6232492903979004
73,30,73Zn,24.5,1.0,1.3891660843645326
73,31,73Ga,17496.0,1.0,4.242938770029581
74,26,74Fe,0.005,1.0,-2.3010299956639813
74,27,74Co,0.0313,1.0,-1.5044556624535514
74,28,74Ni,0.5077,1.0,-0.29439283659539495
74,29,74Cu,1.606,1.0,0.20574554094266218
74,30,74Zn,95.6,1.0,1.9804578922761
74,31,74Ga,487.19999999999993,1.0,2.687707279624819
74,33,74As,1535328.0,0.34,6.65472225324194
75,27,75Co,0.0265,1.0,-1.576754126063192
75,28,75Ni,0.3316,1.0,-0.4793854781217641
75,29,75Cu,1.224,1.0,0.08778141780954239
75,30,75Zn,10.2,1.0,1.0086001717619175
75,31,75Ga,126.0,1.0,2.100370545117563
75,32,75Ge,4966.8,1.0,3.6960766724483847
76,28,76Ni,0.2346,1.0,-0.6296719922204895
76,29,76Cu,0.6377,1.0,-0.1953835830127449
76,30,76Zn,5.7,1.0,0.7558748556724915
76,31,76Ga,30.6,1.0,1.4857214264815801
76,32,76Ge,59327020880.0,1.0,10.77325254068768
76,33,76As,94461.12,1.0,4.975253090583642
77,27,77Co,0.015,1.0,-1.8239087409443189
77,28,77Ni,0.1589,1.0,-0.7988761027926204
77,29,77Cu,0.4703,1.0,-0.3276250212539205
77,30,77Zn,2.08,1.0,0.31806333496276157
77,31,77Ga,13.2,1.0,1.1205739312058498
77,32,77Ge,40359.6,1.0,4.6059468533365875
77,33,77As,139644.0,1.0,5.1450222803673435
78,28,78Ni,0.1222,1.0,-0.9129287940934646
78,29,78Cu,0.3307,1.0,-0.48056580508629715
78,30,78Zn,1.47,1.0,0.1673173347481761
78,31,78Ga,5.09,1.0,0.7067177823367587
78,32,78Ge,5280.0,1.0,3.722633922533812
78,33,78As,5442.0,1.0,3.735758537443739
79,28,79Ni,0.044,1.0,-1.3565473235138126
79,29,79Cu,0.2413,1.0,-0.6174426780912142
79,30,79Zn,0.746,1.0,-0.12726117252733118
79,31,79Ga,2.848,1.0,0.45453998496481873
79,32,79Ge,18.98,1.0,1.2782962080912739
79,33,79As,540.6,1.0,2.7328760413627067
79,34,79Se,10319114802000.0,1.0,13.013642444084288
80,28,80Ni,0.03,1.0,-1.5228787452803376
80,29,80Cu,0.1133,1.0,-0.9457700901366027
80,30,80Zn,0.5622,1.0,-0.2501091587285781
80,32,80Ge,29.5,1.0,1.469822015978163
80,33,80As,15.2,1.0,1.1818435879447726
80,35,80Br,1060.8,0.917,3.063264175390677
81,29,81Cu,0.0732,1.0,-1.1354889189416082
81,30,81Zn,0.2994,1.0,-0.5237482039929664
81,31,81Ga,1.217,1.0,0.08529057823006503
81,32,81Ge,9.0,1.0,0.9542425094393249
81,33,81As,33.3,1.0,1.5224442335063197
81,34,81Se,1107.0,1.0,3.044147620878723
82,29,82Cu,0.034,1.0,-1.4685210829577449
82,30,82Zn,0.1779,1.0,-0.7498240519160749
82,31,82Ga,0.6,1.0,-0.22184874961635637
82,32,82Ge,4.31,1.0,0.6344772701607315
82,33,82As,19.1,1.0,1.2810333672477277
82,34,82Se,2.7643867176e+18,1.0,18.441598797592082
82,35,82Br,127015.19999999998,1.0,5.103855696397842
83,30,83Zn,0.1,1.0,-1.0
83,31,83Ga,0.31,1.0,-0.5086383061657274
83,32,83Ge,1.85,1.0,0.26717172840301384
83,33,83As,13.4,1.0,1.1271047983648077
83,34,83Se,1335.0,1.0,3.125481265700594
83,35,83Br,8546.4,1.0,3.9317832153858596
84,30,84Zn,0.054,1.0,-1.2676062401770316
84,31,84Ga,0.0975999999999999,1.0,-1.0105501823333087
84,32,84Ge,0.951,1.0,-0.02181948306258609
84,33,84As,3.16,1.0,0.49968708261840383
84,34,84Se,195.6,1.0,2.291368850451583
84,35,84Br,1905.6,1.0,3.2800317441387024
84,37,84Rb,2835648.0,0.039,7.861587712169468
85,31,85Ga,0.0953,1.0,-1.0209070993616736
85,32,85Ge,0.495,1.0,-0.3053948010664313
85,33,85As,2.022,1.0,0.30578115125498223
85,34,85Se,32.9,1.0,1.5171958979499742
85,35,85Br,174.0,1.0,2.2405492482826
85,36,85Kr,338542702.128,1.0,8.529613456267544
86,31,86Ga,0.049,1.0,-1.3098039199714864
86,32,86Ge,0.2216,1.0,-0.6544302439436078
86,33,86As,0.945,1.0,-0.024568191490737076
86,34,86Se,14.3,1.0,1.1553360374650619
86,35,86Br,55.1,1.0,1.7411515988517852
87,31,87Ga,0.029,1.0,-1.537602002101044
87,32,87Ge,0.103,1.0,-0.9871627752948278
87,33,87As,0.492,1.0,-0.30803489723263966
87,34,87Se,5.5,1.0,0.7403626894942439
87,35,87Br,55.68,1.0,1.7456992266025058
87,36,87Kr,4578.0,1.0,3.660675788338524
87,37,87Rb,1.5683792222e+18,1.0,18.195451080157333
88,32,88Ge,0.061,1.0,-1.214670164989233
88,33,88As,0.27,1.0,-0.5686362358410126
88,34,88Se,1.53,1.0,0.1846914308175988
88,35,88Br,16.34,1.0,1.2132520521963968
88,36,88Kr,10170.0,1.0,4.007320952922744
88,37,88Rb,1066.8000000000002,1.0,3.028083007017839
89,34,89Se,0.43,1.0,-0.36653154442041347
89,35,89Br,4.357,1.0,0.6391875599357539
89,36,89Kr,189.0,1.0,2.2764618041732443
89,37,89Rb,919.2,1.0,2.9634100156802288
89,38,89Sr,4368643.2,1.0,6.6403465760442355
90,34,90Se,0.21,1.0,-0.6777807052660807
90,35,90Br,1.91,1.0,0.28103336724772754
90,36,90Kr,32.32,1.0,1.5094713521025485
90,37,90Rb,158.0,1.0,2.1986570869544226
90,38,90Sr,912310730.66,1.0,8.960142783094659
90,39,90Y,230580.0,1.0,5.362821634847992
91,34,91Se,0.27,1.0,-0.5686362358410126
91,35,91Br,0.543,1.0,-0.265200170411153
91,36,91Kr,8.57,1.0,0.9329808219231982
91,37,91Rb,58.2,1.0,1.7649229846498886
91,38,91Sr,34740.0,1.0,4.540829814111079
91,39,91Y,5055264.0,1.0,6.7037438405896115
92,35,92Br,0.314,1.0,-0.5030703519267851
92,36,92Kr,1.84,1.0,0.2648178230095365
92,37,92Rb,4.48,1.0,0.651278013998144
92,38,92Sr,9399.6,1.0,3.9731093725902316
92,39,92Y,12744.0,1.0,4.105305762793075
93,35,93Br,0.152,1.0,-0.8181564120552275
93,36,93Kr,1.287,1.0,0.10957854690438666
93,37,93Rb,5.84,1.0,0.7664128471123994
93,38,93Sr,445.8,1.0,2.649140064144219
93,39,93Y,36648.0,1.0,4.564050278768027
93,40,93Zr,50806650860000.0,1.0,13.705920567455852
94,35,94Br,0.07,1.0,-1.154901959985743
94,36,94Kr,0.212,1.0,-0.6736641390712486
94,37,94Rb,2.702,1.0,0.4316853446860118
94,38,94Sr,75.3,1.0,1.8767949762007006
94,39,94Y,1122.0,1.0,3.0499928569201424
94,41,94Nb,643761290400.0,1.0,11.808724858849901
95,36,95Kr,0.114,1.0,-0.9430951486635274
95,37,95Rb,0.3777,1.0,-0.422853015172475
95,38,95Sr,23.9,1.0,1.3783979009481377
95,39,95Y,618.0,1.0,2.790988475088816
95,40,95Zr,5532364.8,1.0,6.742910809435011
95,41,95Nb,3023222.4,1.0,6.480470096744481
96,36,96Kr,0.08,1.0,-1.0969100130080565
96,38,96Sr,1.059,1.0,0.024895960107484977
96,39,96Y,5.34,1.0,0.7275412570285564
96,40,96Zr,7.384320684e+17,1.0,17.868310548834145
96,41,96Nb,84060.0,1.0,4.924589385669418
97,36,97Kr,0.0622,1.0,-1.2062096153091812
97,37,97Rb,0.1691,1.0,-0.7718563924022582
97,38,97Sr,0.432,1.0,-0.3645162531850879
97,39,97Y,3.75,1.0,0.5740312677277188
97,40,97Zr,60296.4,1.0,4.780291383337379
97,41,97Nb,4326.0,1.0,3.636086515103073
98,36,98Kr,0.0428,1.0,-1.368556230986828
98,37,98Rb,0.115,1.0,-0.9393021596463883
98,38,98Sr,0.653,1.0,-0.18508681872492605
98,39,98Y,0.548,1.0,-0.2612194415156308
98,40,98Zr,30.7,1.0,1.4871383754771865
98,41,98Nb,2.86,1.0,0.456366033129043
98,43,98Tc,132539089200000.0,1.0,14.122343981821903
99,36,99Kr,0.04,1.0,-1.3979400086720375
99,37,99Rb,0.054,1.0,-1.2676062401770316
99,38,99Sr,0.2692,1.0,-0.5699249444480607
99,39,99Y,1.484,1.0,0.17143390094300825
99,40,99Zr,2.1,1.0,0.3222192947339193
99,41,99Nb,15.0,1.0,1.1760912590556813
99,42,99Mo,237355.2,1.0,5.375398750722876
99,43,99Tc,6661667078600.0,1.0,12.823582924731658
100,36,100Kr,0.012,1.0,-1.9208187539523751
100,37,100Rb,0.0513,1.0,-1.2898826348881838
100,38,100Sr,0.2021,1.0,-0.6944336864846961
100,39,100Y,0.94,1.0,-0.026872146400301365
100,40,100Zr,7.1,1.0,0.8512583487190752
100,41,100Nb,1.5,1.0,0.17609125905568124
100,42,100Mo,2.2310746682e+17,1.0,17.3485141052209
101,37,101Rb,0.0318,1.0,-1.4975728800155672
101,38,101Sr,0.1137,1.0,-0.9442395353122652
101,39,101Y,0.426,1.0,-0.3705904008972811
101,40,101Zr,2.29,1.0,0.359835482339888
101,41,101Nb,7.1,1.0,0.8512583487190752
101,42,101Mo,876.5999999999999,1.0,2.9428014663179405
101,43,101Tc,853.2,1.0,2.9310508467773912
102,37,102Rb,0.037,1.0,-1.431798275933005
102,38,102Sr,0.069,1.0,-1.1611509092627446
102,40,102Zr,2.01,1.0,0.30319605742048883
102,41,102Nb,4.3,1.0,0.6334684555795865
102,42,102Mo,678.0,1.0,2.8312296938670634
102,45,102Rh,17884800.0,0.22,7.910061407113605
103,37,103Rb,0.026,1.0,-1.585026652029182
103,38,103Sr,0.053,1.0,-1.275724130399211
103,39,103Y,0.239,1.0,-0.6216020990518624
103,40,103Zr,1.38,1.0,0.13987908640123647
103,41,103Nb,1.34,1.0,0.12710479836480765
103,42,103Mo,67.5,1.0,1.8293037728310249
103,43,103Tc,54.2,1.0,1.7339992865383869
103,44,103Ru,3390768.0,1.0,6.530298075898213
104,38,104Sr,0.0506,1.0,-1.295849483160201
104,39,104Y,0.197,1.0,-0.7055337738384071
104,40,104Zr,0.92,1.0,-0.036212172654444715
104,42,104Mo,60.0,1.0,1.7781512503836436
104,43,104Tc,1098.0,1.0,3.040602340114073
104,45,104Rh,42.3,0.9955,1.628299103011614
105,38,105Sr,0.039,1.0,-1.408935392973501
105,39,105Y,0.095,1.0,-1.0222763947111522
105,40,105Zr,0.67,1.0,-0.17392519729917355
105,41,105Nb,2.91,1.0,0.4638929889859073
105,42,105Mo,36.3,1.0,1.5599066250361124
105,43,105Tc,458.4,1.0,2.6612446089593336
105,44,105Ru,15980.4,1.0,4.203587645792654
105,45,105Rh,127227.6,1.0,5.104581334798743
106,38,106Sr,0.021,1.0,-1.6777807052660807
106,39,106Y,0.075,1.0,-1.1249387366083
106,40,106Zr,0.179,1.0,-0.7471469690201069
106,41,106Nb,0.9,1.0,-0.045757490560675115
106,42,106Mo,8.73,1.0,0.9410142437055697
106,43,106Tc,35.6,1.0,1.5514499979728753
106,44,106Ru,32123520.0,1.0,7.506823127914773
106,45,106Rh,30.07,1.0,1.4781334281005176
107,39,107Y,0.0335,1.0,-1.4749551929631548
107,40,107Zr,0.1457,1.0,-0.8365404482300098
107,41,107Nb,0.286,1.0,-0.543633966870957
107,42,107Mo,3.5,1.0,0.5440680443502757
107,43,107Tc,21.2,1.0,1.3263358609287514
107,44,107Ru,225.0,1.0,2.3521825181113627
107,45,107Rh,1302.0,1.0,3.114610984232173
107,46,107Pd,205120019000000.0,1.0,14.312008048066858
108,39,108Y,0.03,1.0,-1.5228787452803376
108,40,108Zr,0.0785,1.0,-1.1051303432547475
108,41,108Nb,0.201,1.0,-0.6968039425795112
108,42,108Mo,1.105,1.0,0.0433622780211295
108,43,108Tc,5.17,1.0,0.7134905430939426
108,44,108Ru,273.0,1.0,2.436162647040756
108,45,108Rh,16.8,1.0,1.2253092817258628
108,47,108Ag,142.92000000000002,0.9715,2.167650202594601
109,39,109Y,0.025,1.0,-1.6020599913279623
109,40,109Zr,0.056,1.0,-1.2518119729937995
109,41,109Nb,0.1069,1.0,-0.971022294791222
109,42,109Mo,0.7000000000000001,1.0,-0.15490195998574313
109,43,109Tc,0.905,1.0,-0.043351420794796675
109,44,109Ru,34.4,1.0,1.5365584425715302
109,45,109Rh,80.8,1.0,1.9074113607745862
109,46,109Pd,48924.0,1.0,4.689521957499782
110,40,110Zr,0.0375,1.0,-1.4259687322722812
110,42,110Mo,0.292,1.0,-0.5346171485515817
110,43,110Tc,0.9,1.0,-0.045757490560675115
110,44,110Ru,12.04,1.0,1.0806264869218056
111,40,111Zr,0.024,1.0,-1.619788758288394
111,41,111Nb,0.054,1.0,-1.2676062401770316
111,42,111Mo,0.1936,1.0,-0.7130946470276252
111,43,111Tc,0.35,1.0,-0.45593195564972444
111,44,111Ru,2.12,1.0,0.32633586092875144
111,45,111Rh,11.0,1.0,1.0413926851582251
111,46,111Pd,1413.6,1.0,3.150326536498708
111,47,111Ag,642211.2,1.0,5.8076778752818425
112,40,112Zr,0.043,1.0,-1.3665315444204136
112,41,112Nb,0.038,1.0,-1.4202164033831899
112,42,112Mo,0.125,1.0,-0.9030899869919435
112,43,112Tc,0.323,1.0,-0.4907974776688971
112,44,112Ru,1.75,1.0,0.24303804868629444
112,45,112Rh,3.4,1.0,0.5314789170422551
112,46,112Pd,75744.0,1.0,4.879348236248989
112,47,112Ag,11268.0,1.0,4.051846838313736
112,49,112In,892.8000000000001,0.38,3.3709705849766936
113,41,113Nb,0.032,1.0,-1.494850021680094
113,42,113Mo,0.08,1.0,-1.0969100130080565
113,43,113Tc,0.152,1.0,-0.8181564120552275
113,44,113Ru,0.8,1.0,-0.09691001300805639
113,45,113Rh,2.8,1.0,0.4471580313422192
113,46,113Pd,93.0,1.0,1.9684829485539352
113,47,113Ag,19332.0,1.0,4.286276786466843
113,48,113Cd,253717685040000.0,1.0,14.404350740172452
114,41,114Nb,0.017,1.0,-1.7695510786217261
114,42,114Mo,0.058,1.0,-1.2365720064370627
114,44,114Ru,0.54,1.0,-0.2676062401770315
114,46,114Pd,145.2,1.0,2.161966616364075
114,47,114Ag,4.6,1.0,0.6627578316815741
114,49,114In,71.9,0.995,1.8589058096371571
115,41,115Nb,0.023,1.0,-1.6382721639824072
115,42,115Mo,0.0455,1.0,-1.3419886033428876
115,43,115Tc,0.078,1.0,-1.1079053973095196
115,44,115Ru,0.318,1.0,-0.4975728800155673
115,45,115Rh,1.03,1.0,0.012837224705172217
115,46,115Pd,25.0,1.0,1.3979400086720377
115,47,115Ag,1200.0,1.0,3.0791812460476247
115,48,115Cd,192456.0,1.0,5.284331455187806
115,49,115In,13916604366000.0,1.0,13.14353328089184
116,42,116Mo,0.032,1.0,-1.494850021680094
116,43,116Tc,0.057,1.0,-1.2441251443275085
116,44,116Ru,0.204,1.0,-0.6903698325741012
116,46,116Pd,11.8,1.0,1.0718820073061255
116,47,116Ag,229.8,1.0,2.3613500243522663
116,48,116Cd,8.488813094e+17,1.0,17.92884697142641
117,42,117Mo,0.022,1.0,-1.6575773191777938
117,43,117Tc,0.0445,1.0,-1.3516399890190685
117,44,117Ru,0.151,1.0,-0.8210230527068306
117,45,117Rh,0.421,1.0,-0.3757179041643317
117,46,117Pd,4.3,1.0,0.6334684555795865
117,47,117Ag,73.6,1.0,1.8668778143374989
117,48,117Cd,9010.8,1.0,3.9547633503755106
117,49,117In,2592.0,1.0,3.413634997198556
118,42,118Mo,0.021,1.0,-1.6777807052660807
118,43,118Tc,0.03,1.0,-1.5228787452803376
118,44,118Ru,0.099,1.0,-1.00436480540245
118,46,118Pd,1.9,1.0,0.2787536009528289
118,47,118Ag,3.76,1.0,0.5751878449276611
118,48,118Cd,3018.0,1.0,3.479719235439571
119,43,119Tc,0.022,1.0,-1.6575773191777938
119,44,119Ru,0.0695,1.0,-1.158015195409886
119,45,119Rh,0.19,1.0,-0.721246399047171
119,46,119Pd,0.92,1.0,-0.036212172654444715
119,48,119Cd,161.4,1.0,2.2079035303860515
119,49,119In,144.0,1.0,2.1583624920952498
120,43,120Tc,0.021,1.0,-1.6777807052660807
120,44,120Ru,0.045,1.0,-1.3467874862246563
120,45,120Rh,0.1296,1.0,-0.8873949984654255
120,46,120Pd,0.492,1.0,-0.30803489723263966
120,48,120Cd,50.8,1.0,1.7058637122839193
121,43,121Tc,0.022,1.0,-1.6575773191777938
121,44,121Ru,0.029,1.0,-1.537602002101044
121,45,121Rh,0.074,1.0,-1.1307682802690238
121,46,121Pd,0.29,1.0,-0.5376020021010439
121,48,121Cd,13.5,1.0,1.130333768495006
121,49,121In,23.1,1.0,1.3636119798921444
121,50,121Sn,97308.0,1.0,4.988148546466013
122,44,122Ru,0.025,1.0,-1.6020599913279623
122,45,122Rh,0.051,1.0,-1.2924298239020637
122,46,122Pd,0.193,1.0,-0.7144426909922262
122,48,122Cd,5.24,1.0,0.7193312869837267
122,51,122Sb,235336.32,0.9759,5.382283640021653
123,44,123Ru,0.019,1.0,-1.7212463990471711
123,45,123Rh,0.042,1.0,-1.3767507096020994
123,46,123Pd,0.108,1.0,-0.9665762445130504
123,47,123Ag,0.294,1.0,-0.5316526695878427
123,48,123Cd,2.1,1.0,0.3222192947339193
123,49,123In,6.17,1.0,0.7902851640332417
123,50,123Sn,11162879.999999998,1.0,7.047776256137959
124,44,124Ru,0.015,1.0,-1.8239087409443189
124,45,124Rh,0.03,1.0,-1.5228787452803376
124,46,124Pd,0.088,1.0,-1.0555173278498313
124,48,124Cd,1.25,1.0,0.09691001300805642
124,51,124Sb,5201280.0,1.0,6.716110233736718
125,45,125Rh,0.0265,1.0,-1.576754126063192
125,46,125Pd,0.06,1.0,-1.2218487496163564
125,47,125Ag,0.16,1.0,-0.7958800173440752
125,48,125Cd,0.68,1.0,-0.16749108729376366
125,49,125In,2.36,1.0,0.37291200297010657
125,50,125Sn,832377.6,1.0,5.920320384457309
125,51,125Sb,87021379.1376,1.0,7.939625961823893
126,45,126Rh,0.019,1.0,-1.7212463990471711
126,46,126Pd,0.0486,1.0,-1.3133637307377066
126,47,126Ag,0.052,1.0,-1.2839966563652008
126,48,126Cd,0.512,1.0,-0.2907300390241692
126,49,126In,1.53,1.0,0.1846914308175988
126,50,126Sn,7258092980000.0,1.0,12.860822527441595
126,51,126Sb,1067040.0,1.0,6.028180700074578
126,53,126I,1117152.0,0.473,6.373251126621476
127,45,127Rh,0.028,1.0,-1.5528419686577808
127,46,127Pd,0.038,1.0,-1.4202164033831899
127,48,127Cd,0.48,1.0,-0.31875876262441283
127,49,127In,1.086,1.0,0.03582982525282817
127,50,127Sn,7560.0,1.0,3.8785217955012063
127,51,127Sb,332640.0,1.0,5.521974471987394
127,52,127Te,33660.0,1.0,4.527114111639805
128,46,128Pd,0.035,1.0,-1.4559319556497243
128,47,128Ag,0.06,1.0,-1.2218487496163564
128,48,128Cd,0.246,1.0,-0.6090648928966209
128,49,128In,0.8160000000000001,1.0,-0.08830984124613883
128,50,128Sn,3544.2,1.0,3.5495182212414242
128,52,128Te,71003083500000.0,1.0,13.851277209535365
128,53,128I,1499.4,0.931,3.2069678255287513
129,46,129Pd,0.031,1.0,-1.5086383061657274
129,48,129Cd,0.147,1.0,-0.8326826652518239
129,49,129In,0.5700000000000001,1.0,-0.24412514432750856
129,50,129Sn,133.8,1.0,2.1264561134318045
129,51,129Sb,15717.6,1.0,4.196386232140408
129,52,129Te,4176.0,1.0,3.620760489994206
129,53,129I,509328785640000.0,1.0,14.706998221810053
130,47,130Ag,0.0406,1.0,-1.391473966422806
130,48,130Cd,0.1268,1.0,-0.8968807464542862
130,50,130Sn,223.2,1.0,2.348694190265541
130,51,130Sb,2370.0,1.0,3.374748346010104
130,52,130Te,2.4961528466e+19,1.0,19.397271174921677
130,53,130I,44496.0,1.0,4.648320971520084
130,55,130Cs,1752.6,0.016,5.039562824701268
131,47,131Ag,0.035,1.0,-1.4559319556497243
131,48,131Cd,0.098,1.0,-1.0087739243075051
131,49,131In,0.2615,1.0,-0.582528306796707
131,50,131Sn,56.0,1.0,1.7481880270062005
131,51,131Sb,1381.8000000000002,1.0,3.140445188347875
131,52,131Te,1500.0,1.0,3.1760912590556813
131,53,131I,693351.3600000001,1.0,5.84095337175284
132,47,132Ag,0.03,1.0,-1.5228787452803376
132,48,132Cd,0.084,1.0,-1.0757207139381184
132,49,132In,0.2022,1.0,-0.6942188487450178
132,50,132Sn,39.7,1.0,1.5987905067631152
132,51,132Sb,167.4,1.0,2.2237554536572413
132,52,132Te,276825.60000000003,1.0,5.442206249891093
132,53,132I,8262.0,1.0,3.9170851906405675
132,55,132Cs,559872.0,0.0187,7.476247141812988
133,48,133Cd,0.061,1.0,-1.214670164989233
133,49,133In,0.163,1.0,-0.7878123955960422
133,50,133Sn,1.37,1.0,0.1367205671564068
133,51,133Sb,140.39999999999998,1.0,2.1473671077937864
133,52,133Te,750.0,1.0,2.8750612633917
133,53,133I,74988.0,1.0,4.874991770715033
133,54,133Xe,453375.36,1.0,5.6564579134375705
134,48,134Cd,0.065,1.0,-1.1870866433571443
134,49,134In,0.136,1.0,-0.8664610916297825
134,50,134Sn,0.93,1.0,-0.03151705144606486
134,51,134Sb,0.674,1.0,-0.17134010346468015
134,52,134Te,2508.0,1.0,3.399327532158679
134,53,134I,3150.0,1.0,3.4983105537896004
134,55,134Cs,65165052.19,1.0,7.814014747416421
135,49,135In,0.103,1.0,-0.9871627752948278
135,50,135Sn,0.515,1.0,-0.28819277095880896
135,51,135Sb,1.668,1.0,0.2221960463017199
135,52,135Te,19.0,1.0,1.2787536009528289
135,53,135I,23688.0,1.0,4.374528394381243
135,54,135Xe,32904.0,1.0,4.5172486965011185
135,55,135Cs,41970711580000.0,1.0,13.622946332391088
136,49,136In,0.086,1.0,-1.0655015487564323
136,50,136Sn,0.355,1.0,-0.4497716469449059
136,51,136Sb,0.923,1.0,-0.03479829897408793
136,52,136Te,17.63,1.0,1.246252312299322
136,53,136I,83.4,1.0,1.9211660506377388
136,54,136Xe,68794098680.0,1.0,10.837551185028607
136,55,136Cs,1124064.0,1.0,6.0507910390404795
137,49,137In,0.07,1.0,-1.154901959985743
137,50,137Sn,0.249,1.0,-0.6038006529042637
137,51,137Sb,0.497,1.0,-0.3036436112666679
137,52,137Te,2.49,1.0,0.3961993470957364
137,53,137I,24.13,1.0,1.3825573219087859
137,54,137Xe,229.08,1.0,2.3599871744412915
137,55,137Cs,947970057.04,1.0,8.976794619756133
138,50,138Sn,0.148,1.0,-0.8297382846050426
138,51,138Sb,0.333,1.0,-0.47755576649368014
138,52,138Te,1.46,1.0,0.1643528557844371
138,53,138I,6.26,1.0,0.7965743332104297
138,54,138Xe,848.4000000000001,1.0,2.9286006598445242
138,55,138Cs,2010.0,1.0,3.303196057420489
138,57,138La,3.250363378e+18,0.345,18.9741128210559
139,50,139Sn,0.12,1.0,-0.9208187539523752
139,51,139Sb,0.182,1.0,-0.7399286120149252
139,52,139Te,0.724,1.0,-0.1402614338028531
139,53,139I,2.28,1.0,0.35793484700045375
139,54,139Xe,39.68,1.0,1.598571663482141
139,55,139Cs,556.1999999999999,1.0,2.7452309845281406
139,56,139Ba,4975.8,1.0,3.6968629157659647
140,51,140Sb,0.17,1.0,-0.7695510786217261
140,52,140Te,0.351,1.0,-0.4546928835341759
140,53,140I,0.588,1.0,-0.23062267392386154
140,54,140Xe,13.6,1.0,1.1335389083702174
140,55,140Cs,63.7,1.0,1.8041394323353506
140,56,140Ba,1101893.76,1.0,6.0421397236718715
140,57,140La,145040.4,1.0,5.161488988809137
141,51,141Sb,0.103,1.0,-0.9871627752948278
141,52,141Te,0.193,1.0,-0.7144426909922262
141,53,141I,0.42,1.0,-0.37675070960209955
141,54,141Xe,1.73,1.0,0.23804610312879543
141,55,141Cs,24.84,1.0,1.3951515915045425
141,56,141Ba,1096.2,1.0,3.0398897977361816
141,57,141La,14112.0,1.0,4.149588567787744
141,58,141Ce,2808432.0,1.0,6.448463912854392
142,51,142Sb,0.08,1.0,-1.0969100130080565
142,52,142Te,0.147,1.0,-0.8326826652518239
142,53,142I,0.235,1.0,-0.6289321377282637
142,54,142Xe,1.23,1.0,0.08990511143939793
142,55,142Cs,1.687,1.0,0.22711508258912522
142,56,142Ba,636.0,1.0,2.803457115648414
142,57,142La,5466.0,1.0,3.737669627356642
143,52,143Te,0.12,1.0,-0.9208187539523752
143,53,143I,0.182,1.0,-0.7399286120149252
143,54,143Xe,0.511,1.0,-0.29157909986528724
143,55,143Cs,1.802,1.0,0.2557547866430442
143,56,143Ba,14.5,1.0,1.1613680022349748
143,57,143La,852.0,1.0,2.9304395947667
143,58,143Ce,118940.4,1.0,5.075329394710599
143,59,143Pr,1172448.0,1.0,6.06909359013863
144,52,144Te,0.093,1.0,-1.031517051446065
144,53,144I,0.094,1.0,-1.0268721464003014
144,54,144Xe,0.388,1.0,-0.41116827440579273
144,55,144Cs,0.994,1.0,-0.00261361560268669
144,56,144Ba,11.73,1.0,1.0692980121155293
144,57,144La,44.0,1.0,1.6434526764861874
144,58,144Ce,24614150.4,1.0,7.391184849941816
144,59,144Pr,1036.8000000000002,1.0,3.0156949885265183
145,53,145I,0.0897,1.0,-1.0472075569559078
145,54,145Xe,0.188,1.0,-0.7258421507363202
145,55,145Cs,0.582,1.0,-0.23507701535011155
145,56,145Ba,4.31,1.0,0.6344772701607315
145,57,145La,24.8,1.0,1.3944516808262164
145,58,145Ce,180.6,1.0,2.256717745977487
145,59,145Pr,21542.4,1.0,4.333294085623693
146,53,146I,0.094,1.0,-1.0268721464003014
146,54,146Xe,0.146,1.0,-0.835647144215563
146,55,146Cs,0.3216,1.0,-0.4926839599235864
146,56,146Ba,2.15,1.0,0.33243845991560533
146,58,146Ce,809.4,1.0,2.9081632000555477
146,59,146Pr,1445.4,1.0,3.1599880503819873
146,61,146Pm,174509800.78,0.34,8.710340905686445
147,54,147Xe,0.088,1.0,-1.0555173278498313
147,55,147Cs,0.2305,1.0,-0.637329070274333
147,56,147Ba,0.893,1.0,-0.049148541111453566
147,57,147La,4.026,1.0,0.6048737705526357
147,58,147Ce,56.4,1.0,1.7512791039833422
147,59,147Pr,803.4000000000001,1.0,2.904931827395653
147,60,147Nd,948672.0,1.0,5.977116082592967
147,61,147Pm,82786439.6684,1.0,7.91795920563173
148,54,148Xe,0.085,1.0,-1.0705810742857071
148,55,148Cs,0.1518,1.0,-0.8187282284405385
148,56,148Ba,0.62,1.0,-0.2076083105017461
148,57,148La,1.414,1.0,0.15044940946088056
148,58,148Ce,56.8,1.0,1.7543483357110188
148,59,148Pr,137.4,1.0,2.137986732723532
148,61,148Pm,463795.2,1.0,5.6663262496398294
149,55,149Cs,0.1123,1.0,-0.9496202437385423
149,56,149Ba,0.349,1.0,-0.45717457304082015
149,57,149La,1.071,1.0,0.029789470831855614
149,58,149Ce,4.94,1.0,0.693726948923647
149,59,149Pr,135.6,1.0,2.1322596895310446
149,60,149Nd,6220.8,1.0,3.7938462389101617
149,61,149Pm,191088.0,1.0,5.281233414959686
150,55,150Cs,0.081,1.0,-1.0915149811213503
150,56,150Ba,0.258,1.0,-0.5883802940367698
150,57,150La,0.504,1.0,-0.2975694635544747
150,58,150Ce,6.05,1.0,0.7817553746524689
150,59,150Pr,6.19,1.0,0.791690649020118
150,60,150Nd,2.934794118e+17,1.0,17.467577639977936
150,61,150Pm,9712.8,1.0,3.987344446103173
151,55,151Cs,0.059,1.0,-1.2291479883578558
151,56,151Ba,0.167,1.0,-0.7772835288524167
151,57,151La,0.465,1.0,-0.33254704711004607
151,58,151Ce,1.76,1.0,0.24551266781414982
151,59,151Pr,18.9,1.0,1.276461804173244
151,60,151Nd,746.4,1.0,2.8729716307384434
151,61,151Pm,102240.0,1.0,5.009620840814325
151,62,151Sm,2985285199.6,1.0,9.474985827825794
152,56,152Ba,0.139,1.0,-0.8569851997459049
152,57,152La,0.287,1.0,-0.5421181032660077
152,58,152Ce,1.42,1.0,0.15228834438305647
152,59,152Pr,3.57,1.0,0.5526682161121932
152,60,152Nd,684.0,1.0,2.835056101720116
152,63,152Eu,426554968.742,0.2792,9.18405959126653
153,56,153Ba,0.113,1.0,-0.9469215565165803
153,57,153La,0.245,1.0,-0.6108339156354675
153,58,153Ce,0.865,1.0,-0.06298389253518578
153,59,153Pr,4.28,1.0,0.631443769013172
153,60,153Nd,31.6,1.0,1.4996870826184039
153,61,153Pm,315.0,1.0,2.4983105537896004
153,62,153Sm,166624.56,1.0,5.221739015596263
154,56,154Ba,0.053,1.0,-1.275724130399211
154,57,154La,0.161,1.0,-0.7931741239681502
154,58,154Ce,0.722,1.0,-0.1414628024303609
154,59,154Pr,2.3,1.0,0.36172783601759284
154,60,154Nd,25.9,1.0,1.413299764081252
154,63,154Eu,271137108.19200003,0.99982,8.43326713982264
155,57,155La,0.101,1.0,-0.9956786262173574
155,58,155Ce,0.313,1.0,-0.5044556624535516
155,59,155Pr,1.47,1.0,0.1673173347481761
155,60,155Nd,8.9,1.0,0.9493900066449128
155,61,155Pm,41.5,1.0,1.6180480967120927
155,62,155Sm,1330.8,1.0,3.124112792196785
155,63,155Eu,149642943.092,1.0,8.175056241066171
156,57,156La,0.084,1.0,-1.0757207139381184
156,58,156Ce,0.233,1.0,-0.632644078973981
156,59,156Pr,0.444,1.0,-0.3526170298853802
156,60,156Nd,5.06,1.0,0.7041505168397991
156,61,156Pm,27.4,1.0,1.437750562820388
156,62,156Sm,33840.0,1.0,4.529430354366986
156,63,156Eu,1312416.0,1.0,6.11807151634168
157,58,157Ce,0.175,1.0,-0.7569619513137056
157,59,157Pr,0.307,1.0,-0.5128616245228135
157,60,157Nd,1.15,1.0,0.06069784035361165
157,61,157Pm,10.56,1.0,1.0236639181977936
157,62,157Sm,481.8,1.0,2.6828667956623247
157,63,157Eu,54648.0,1.0,4.737574272326749
158,58,158Ce,0.099,1.0,-1.00436480540245
158,59,158Pr,0.181,1.0,-0.7423214251308154
158,60,158Nd,0.81,1.0,-0.09151498112135023
158,61,158Pm,4.8,1.0,0.6812412373755872
158,62,158Sm,318.0,1.0,2.5024271199844326
158,63,158Eu,2754.0,1.0,3.439963935920905
158,65,158Tb,5680246680.0,0.166,10.534259108487252
159,59,159Pr,0.134,1.0,-0.8728952016351924
159,60,159Nd,0.5,1.0,-0.3010299956639812
159,61,159Pm,1.49,1.0,0.17318626841227405
159,62,159Sm,11.37,1.0,1.0557604646877348
159,63,159Eu,1086.0,1.0,3.035829825252828
159,64,159Gd,66524.4,1.0,4.822980966231856
160,59,160Pr,0.17,1.0,-0.7695510786217261
160,60,160Nd,0.439,1.0,-0.35753547975787864
160,61,160Pm,0.725,1.0,-0.13966199342900631
160,62,160Sm,9.6,1.0,0.9822712330395684
160,63,160Eu,42.6,1.0,1.6294095991027189
160,65,160Tb,6246720.0,1.0,6.795652039773424
161,60,161Nd,0.215,1.0,-0.6675615400843947
161,61,161Pm,1.05,1.0,0.021189299069938092
161,62,161Sm,4.8,1.0,0.6812412373755872
161,63,161Eu,26.2,1.0,1.4183012913197455
161,64,161Gd,218.76,1.0,2.3399679147026013
161,65,161Tb,600307.2000000001,1.0,5.778373552253955
162,60,162Nd,0.31,1.0,-0.5086383061657274
162,61,162Pm,0.63,1.0,-0.2006594505464183
162,62,162Sm,2.7,1.0,0.43136376415898736
162,64,162Gd,504.0,1.0,2.7024305364455254
162,65,162Tb,456.0,1.0,2.6589648426644352
163,61,163Pm,0.255,1.0,-0.5934598195660449
163,62,163Sm,1.3,1.0,0.11394335230683679
163,63,163Eu,7.7,1.0,0.8864907251724818
163,64,163Gd,68.0,1.0,1.8325089127062364
163,65,163Tb,1170.0,1.0,3.0681858617461617
164,62,164Sm,1.43,1.0,0.15533603746506178
164,63,164Eu,4.16,1.0,0.6190933306267428
164,64,164Gd,45.0,1.0,1.6532125137753437
164,65,164Tb,180.0,1.0,2.255272505103306
165,62,165Sm,0.98,1.0,-0.00877392430750515
165,63,165Eu,2.53,1.0,0.40312052117581787
165,64,165Gd,11.6,1.0,1.0644579892269186
165,65,165Tb,126.6,1.0,2.1024337056813365
165,66,165Dy,8395.199999999999,1.0,3.924031046854264
166,62,166Sm,0.8,1.0,-0.09691001300805639
166,63,166Eu,1.24,1.0,0.09342168516223508
166,64,166Gd,5.1,1.0,0.7075701760979364
166,65,166Tb,27.1,1.0,1.4329692908744058
166,66,166Dy,293760.0,1.0,5.4679926595211485
166,67,166Ho,96523.2,1.0,4.9846317114889755
167,63,167Eu,1.33,1.0,0.12385164096708581
167,64,167Gd,4.2,1.0,0.6232492903979004
167,65,167Tb,18.9,1.0,1.276461804173244
167,66,167Dy,372.0,1.0,2.5705429398818973
167,67,167Ho,11160.0,1.0,4.04766419460156
168,63,168Eu,0.2,1.0,-0.6989700043360187
168,64,168Gd,3.03,1.0,0.481442628502305
168,65,168Tb,9.4,1.0,0.9731278535996987
168,66,168Dy,522.0,1.0,2.717670503002262
168,67,168Ho,179.4,1.0,2.2538224387080734
168,69,168Tm,8043839.999999999,0.0001,10.905463423460237
169,64,169Gd,0.75,1.0,-0.12493873660829995
169,65,169Tb,5.13,1.0,0.7101173651118162
169,66,169Dy,39.0,1.0,1.5910646070264993
169,67,169Ho,283.2,1.0,2.4520932490177314
169,68,169Er,811468.7999999999,1.0,5.909271826382432
170,64,170Gd,0.42,1.0,-0.37675070960209955
170,65,170Tb,0.96,1.0,-0.017728766960431606
170,66,170Dy,54.9,1.0,1.739572344450092
170,69,170Tm,11111040.0,0.99869,7.046324009810535
171,65,171Tb,1.23,1.0,0.08990511143939793
171,66,171Dy,4.07,1.0,0.6095944092252201
171,67,171Ho,53.0,1.0,1.7242758696007892
171,68,171Er,27057.6,1.0,4.432289272195775
171,69,171Tm,60589297.92,1.0,7.782395920127551
172,65,172Tb,0.76,1.0,-0.11918640771920865
172,66,172Dy,3.4,1.0,0.5314789170422551
172,67,172Ho,25.0,1.0,1.3979400086720377
172,68,172Er,177480.0,1.0,5.2491494200445175
172,69,172Tm,228960.0,1.0,5.359759616415701
173,66,173Dy,1.43,1.0,0.15533603746506178
173,67,173Ho,7.1,1.0,0.8512583487190752
173,68,173Er,86.03999999999999,1.0,1.934700401715425
173,69,173Tm,29664.0,1.0,4.4722297124644035
174,67,174Ho,3.7,1.0,0.568201724066995
174,68,174Er,192.0,1.0,2.2833012287035497
174,69,174Tm,324.0,1.0,2.510545010206612
175,67,175Ho,1.88,1.0,0.2741578492636798
175,68,175Er,72.0,1.0,1.8573324964312685
175,69,175Tm,912.0,1.0,2.959994838328416
175,70,175Yb,361584.0,1.0,5.558209204808172
176,69,176Tm,111.0,1.0,2.0453229787866576
176,71,176Lu,1.16792183126e+18,1.0,18.067413776519114
177,70,177Yb,6879.6,1.0,3.8375631878223
177,71,177Lu,574067.52,1.0,5.7589629757409675
178,70,178Yb,4440.0,1.0,3.6473829701146196
178,71,178Lu,1704.0,1.0,3.2314695904306814
179,70,179Yb,480.0,1.0,2.681241237375587
179,71,179Lu,16524.0,1.0,4.218115186304549
180,70,180Yb,144.0,1.0,2.1583624920952498
180,71,180Lu,342.0,1.0,2.534026106056135
180,73,180Ta,29354.4,0.15,5.291581948827744
181,71,181Lu,210.0,1.0,2.322219294733919
181,72,181Hf,3662496.0,1.0,6.563777159047114
182,71,182Lu,120.0,1.0,2.0791812460476247
182,72,182Hf,280856641400000.0,1.0,14.448484698068915
182,73,182Ta,9913536.0,1.0,6.996228588025316
183,71,183Lu,58.0,1.0,1.7634279935629373
183,72,183Hf,3664.8,1.0,3.5640502787680273
183,73,183Ta,440640.0,1.0,5.64408391857683
184,71,184Lu,20.0,1.0,1.3010299956639813
184,72,184Hf,14832.0,1.0,4.171199716800422
184,73,184Ta,31320.0,1.0,4.495821753385906
185,72,185Hf,210.0,1.0,2.322219294733919
185,73,185Ta,2964.0,1.0,3.4718781993072905
185,74,185W,6488639.999999999,1.0,6.812153679483061
186,72,186Hf,156.0,1.0,2.1931245983544616
186,73,186Ta,630.0,1.0,2.7993405494535817
186,75,186Re,321278.4,0.9253,5.540598966134933
187,73,187Ta,138.0,1.0,2.1398790864012365
187,74,187W,85712.40000000001,1.0,4.933043655785684
187,75,187Re,1.3127681216e+18,1.0,18.118188022050745
188,73,188Ta,19.6,1.0,1.2922560713564761
188,74,188W,6028128.0,1.0,6.780182465458037
188,75,188Re,61218.0,1.0,4.786879137036029
189,74,189W,696.0,1.0,2.842609239610562
189,75,189Re,87480.0,1.0,4.9419087743656
190,73,190Ta,5.3,1.0,0.724275869600789
190,74,190W,1800.0,1.0,3.255272505103306
190,75,190Re,180.0,1.0,2.255272505103306
191,75,191Re,588.0,1.0,2.7693773260761385
191,76,191Os,1295136.0,1.0,6.112315375327173
192,73,192Ta,2.2,1.0,0.3424226808222063
192,75,192Re,15.4,1.0,1.187520720836463
192,77,192Ir,6378047.999999999,0.9524,6.8258683966056894
193,76,193Os,107388.0,1.0,5.03095575412935
194,75,194Re,5.0,1.0,0.6989700043360189
194,76,194Os,189341556.0,1.0,8.277245941807646
194,77,194Ir,69660.0,1.0,4.842983470122218
195,75,195Re,6.0,1.0,0.7781512503836436
195,76,195Os,390.0,1.0,2.591064607026499
195,77,195Ir,8244.0,1.0,3.916137983107175
196,76,196Os,2094.0,1.0,3.3209766773428235
196,77,196Ir,52.0,1.0,1.7160033436347992
196,79,196Au,532656.0,0.07,6.881348783396387
197,76,197Os,93.0,1.0,1.9684829485539352
197,77,197Ir,348.0,1.0,2.5415792439465807
197,78,197Pt,71609.40000000001,1.0,4.854970034880155
198,76,198Os,125.0,1.0,2.0969100130080562
198,77,198Ir,8.7,1.0,0.9395192526186185
198,79,198Au,232816.896,1.0,5.367014494763499
199,76,199Os,6.0,1.0,0.7781512503836436
199,77,199Ir,7.0,1.0,0.8450980400142568
199,78,199Pt,1848.0,1.0,3.2667019668840878
199,79,199Au,271209.6,1.0,5.433305058178936
200,76,200Os,7.0,1.0,0.8450980400142568
200,77,200Ir,43.0,1.0,1.6334684555795866
200,78,200Pt,45360.0,1.0,4.65667304588485
200,79,200Au,2904.0,1.0,3.462996612028056
201,77,201Ir,21.0,1.0,1.3222192947339193
201,78,201Pt,150.0,1.0,2.1760912590556813
201,79,201Au,1560.0,1.0,3.1931245983544616
202,77,202Ir,11.0,1.0,1.0413926851582251
202,78,202Pt,158400.0,1.0,5.199755177253475
202,79,202Au,28.4,1.0,1.4533183400470377
203,78,203Pt,22.0,1.0,1.3424226808222062
203,79,203Au,60.0,1.0,1.7781512503836436
203,80,203Hg,4027104.0,1.0,6.604992845411479
204,78,204Pt,10.3,1.0,1.0128372247051722
204,79,204Au,38.3,1.0,1.5831987739686226
204,81,204Tl,119379851.058,0.9708,8.089801265056849
205,79,205Au,32.0,1.0,1.505149978319906
205,80,205Hg,308.4,1.0,2.4891143693789193
206,79,206Au,47.0,1.0,1.6720978579357175
206,80,206Hg,499.2000000000001,1.0,2.698274576674368
206,81,206Tl,252.12,1.0,2.4016072984535772
207,80,207Hg,174.0,1.0,2.2405492482826
207,81,207Tl,286.2,1.0,2.4566696294237578
208,80,208Hg,135.0,1.0,2.130333768495006
208,81,208Tl,183.18,1.0,2.2628780546823055
209,80,209Hg,6.3,1.0,0.7993405494535817
209,81,209Tl,129.72,1.0,2.1130069400009353
209,82,209Pb,11646.0,1.0,4.066176785772006
210,80,210Hg,64.0,1.0,1.806179973983887
210,81,210Tl,78.0,1.0,1.8920946026904804
210,82,210Pb,700563757.1999999,1.0,8.84544766587464
210,83,210Bi,433036.8,1.0,5.636524804801006
211,80,211Hg,26.4,1.0,1.421603926869831
211,81,211Tl,81.0,1.0,1.9084850188786497
211,82,211Pb,2169.768,1.0,3.3364132998825213
211,83,211Bi,128.4,0.00276,4.667655941667617
212,81,212Tl,31.0,1.0,1.4913616938342726
212,82,212Pb,38257.2,1.0,4.582713181346061
212,83,212Bi,3633.0,0.6406000000000001,3.7536784635349116
213,81,213Tl,23.8,1.0,1.376576957056512
213,82,213Pb,612.0,1.0,2.7867514221455614
213,83,213Bi,2736.0,0.9791,3.4462890424805996
214,81,214Tl,11.0,1.0,1.0413926851582251
214,82,214Pb,1623.6,1.0,3.2104790426452476
214,83,214Bi,1194.0,0.99979,3.077095538212084
215,81,215Tl,9.7,1.0,0.9867717342662449
215,82,215Pb,142.0,1.0,2.1522883443830567
215,83,215Bi,457.2,1.0,2.660106221723244
215,84,215Po,0.001781,0.023,-1.1110639165543497
216,81,216Tl,5.9,1.0,0.7708520116421442
216,82,216Pb,99.6,1.0,1.9982593384236986
217,82,217Pb,19.9,1.0,1.2988530764097066
217,83,217Bi,98.5,1.0,1.9934362304976116
217,84,217Po,1.53,0.025,1.7867514221455612
217,85,217At,0.0326,8e-05,2.6101276130759956
218,82,218Pb,14.8,1.0,1.1702617153949575
218,83,218Bi,33.0,1.0,1.5185139398778875
218,84,218Po,185.82,0.0002,5.96806246007645
219,83,219Bi,8.7,1.0,0.9395192526186185
219,84,219Po,618.0,0.718,2.9348640308465157
219,85,219At,56.0,0.064,2.942008053022313
220,83,220Bi,9.5,1.0,0.9777236052888478
220,85,220At,222.6,0.92,2.3837373326531344
220,87,220Fr,27.4,0.0034999999999999,3.8936825184701123
221,84,221Po,132.0,1.0,2.12057393120585
221,85,221At,138.0,1.0,2.1398790864012365
221,86,221Rn,1542.0,0.78,3.2959897710244577
221,87,221Fr,288.06,4.8e-05,6.778241718977222
222,84,222Po,546.0,1.0,2.7371926427047373
222,85,222At,54.0,1.0,1.7323937598229686
222,87,222Fr,852.0,1.0,2.9304395947667
223,86,223Rn,1458.0,1.0,3.163757523981956
224,85,224At,150.0,1.0,2.1760912590556813
224,86,224Rn,6420.0,1.0,3.807535028068853
224,87,224Fr,199.8,1.0,2.3005954838899636
225,86,225Rn,279.6,1.0,2.446537167073644
225,87,225Fr,237.0,1.0,2.374748346010104
225,88,225Ra,1280448.0,1.0,6.107361946122203
226,86,226Rn,444.0,1.0,2.6473829701146196
226,87,226Fr,48.5,1.0,1.6857417386022637
226,89,226Ac,105732.0,0.83,5.105128354914013
227,86,227Rn,20.2,1.0,1.3053513694466239
227,87,227Fr,148.20000000000002,1.0,2.1708482036433097
227,88,227Ra,2532.0,1.0,3.4034637013453177
227,89,227Ac,687057392.872,0.9862,8.84302801887392
228,86,228Rn,65.0,1.0,1.8129133566428557
228,87,228Fr,38.0,1.0,1.5797835966168101
228,88,228Ra,181452324.5,1.0,8.258762536113633
228,89,228Ac,22140.0,1.0,4.345177616542704
229,86,229Rn,11.9,1.0,1.0755469613925308
229,87,229Fr,50.2,1.0,1.7007037171450194
229,88,229Ra,240.0,1.0,2.380211241711606
229,89,229Ac,3762.0,1.0,3.5754187912143602
230,87,230Fr,19.1,1.0,1.2810333672477277
230,88,230Ra,5580.0,1.0,3.7466341989375787
230,89,230Ac,122.0,1.0,2.0863598306747484
230,91,230Pa,1503359.9999999998,0.078,7.284968388071013
231,87,231Fr,17.6,1.0,1.24551266781415
231,88,231Ra,104.0,1.0,2.0170333392987803
231,89,231Ac,450.0,1.0,2.6532125137753435
231,90,231Th,91872.0,1.0,4.9631831708164125
232,87,232Fr,5.5,1.0,0.7403626894942439
232,88,232Ra,240.0,1.0,2.380211241711606
232,89,232Ac,118.8,1.0,2.074816440645175
233,87,233Fr,0.9,1.0,-0.045757490560675115
233,88,233Ra,30.0,1.0,1.4771212547196624
233,89,233Ac,143.0,1.0,2.155336037465062
233,90,233Th,1309.8,1.0,3.1172049860927826
233,91,233Pa,2330640.0,1.0,6.367475195833841
234,88,234Ra,30.0,1.0,1.4771212547196624
234,89,234Ac,45.0,1.0,1.6532125137753437
234,90,234Th,2082844.8,1.0,6.318656910363144
234,91,234Pa,24120.0,1.0,4.382377303468114
235,89,235Ac,62.0,1.0,1.792391689498254
235,90,235Th,432.0,1.0,2.635483746814912
235,91,235Pa,1464.0,1.0,3.165541076722373
236,89,236Ac,270.0,1.0,2.4313637641589874
236,90,236Th,2238.0,1.0,3.3498600821923312
236,91,236Pa,546.0,1.0,2.7371926427047373
237,90,237Th,288.0,1.0,2.459392487759231
237,91,237Pa,522.0,1.0,2.717670503002262
237,92,237U,583372.7999999999,1.0,5.765946176096492
238,90,238Th,564.0,1.0,2.751279103983342
238,91,238Pa,136.79999999999998,1.0,2.1360860973840974
238,92,238U,1.40838560738e+17,0.022,18.806298897442325
238,93,238Np,181353.6,1.0,5.258526181061294
239,91,239Pa,6480.0,1.0,3.8115750058705933
239,92,239U,1407.0,1.0,3.1482940974347455
239,93,239Np,203558.4,1.0,5.308689028593958
240,92,240U,50760.0,1.0,4.705521613422667
241,93,241Np,834.0,1.0,2.921166050637739
242,92,242U,1008.0,1.0,3.0034605321095067
242,95,242Am,57672.0,0.8270000000000001,4.8434595029629595
243,93,243Np,111.0,1.0,2.0453229787866576
243,94,243Pu,17839.08,1.0,4.2513724531103945
244,93,244Np,137.4,1.0,2.137986732723532
244,95,244Am,36036.0,1.0,4.556736578246606
245,94,245Pu,37800.0,1.0,4.577491799837225
245,95,245Am,7379.999999999999,1.0,3.8680563618230415
246,94,246Pu,936576.0,1.0,5.971543024681261
246,95,246Am,2340.0,1.0,3.369215857410143
247,94,247Pu,196128.0,1.0,5.292539599672016
247,95,247Am,1380.0,1.0,3.1398790864012365
249,96,249Cm,3849.000000000001,1.0,3.585347911094591
250,97,250Bk,11563.2,1.0,4.063078037373931
251,96,251Cm,1008.0,1.0,3.0034605321095067
251,97,251Bk,3336.0,1.0,3.5232260419657013
253,98,253Cf,1538784.0,0.9969,6.188526065943764
254,99,254Es,23820480.0,0.0174,9.136401260302067
255,98,255Cf,5100.0,1.0,3.7075701760979363
255,99,255Es,3438719.9999999995,0.92,6.572608987207026
257,99,257Es,665280.0,1.0,5.8230044676513755
