Mass Number,Atomic Number,Element,Half-Life (s),Beta Branch Ratio,Beta Partial Half-Life (s)
001,000,1n,609.8,1.0,609.8
003,001,3H,388781328.32,1.0,388781328.32
006,002,6He,0.80692,1.0,0.80692
008,002,8He,0.11950000000000001,1.0,0.11950000000000001
008,003,8Li,0.8387000000000001,1.0,0.8387000000000001
009,003,9Li,0.1782,1.0,0.1782
010,004,10Be,43769456362000.0,1.0,43769456362000.0
011,003,11Li,0.00875,1.0,0.00875
011,004,11Be,13.76,1.0,13.76
012,004,12Be,0.02146,1.0,0.02146
012,005,12B,0.0202,1.0,0.0202
013,005,13B,0.01716,1.0,0.01716
014,004,14Be,0.00453,1.0,0.00453
014,005,14B,0.01236,1.0,0.01236
014,006,14C,179874478200.0,1.0,179874478200.0
015,005,15B,0.01018,1.0,0.01018
015,006,15C,2.449,1.0,2.449
016,006,16C,0.75,1.0,0.75
016,007,16N,7.13,1.0,7.13
017,005,17B,0.00508,1.0,0.00508
017,006,17C,0.193,1.0,0.193
017,007,17N,4.173,1.0,4.173
018,006,18C,0.092,1.0,0.092
018,007,18N,0.6192000000000001,1.0,0.6192000000000001
019,005,19B,0.00292,1.0,0.00292
019,006,19C,0.046200000000000005,1.0,0.046200000000000005
019,007,19N,0.336,1.0,0.336
019,008,19O,26.47,1.0,26.47
020,006,20C,0.016,1.0,0.016
020,007,20N,0.136,1.0,0.136
020,008,20O,13.51,1.0,13.51
020,009,20F,11.0062,1.0,11.0062
021,007,21N,0.085,1.0,0.085
021,008,21O,3.42,1.0,3.42
021,009,21F,4.158,1.0,4.158
022,006,22C,0.006200000000000001,1.0,0.006200000000000001
022,007,22N,0.023,1.0,0.023
022,008,22O,2.25,1.0,2.25
022,009,22F,4.23,1.0,4.23
023,007,23N,0.013900000000000001,1.0,0.013900000000000001
023,008,23O,0.097,1.0,0.097
023,009,23F,2.23,1.0,2.23
023,010,23Ne,37.15,1.0,37.15
024,008,24O,0.07740000000000001,1.0,0.07740000000000001
024,009,24F,0.384,1.0,0.384
024,010,24Ne,202.79999999999998,1.0,202.79999999999998
024,011,24Na,53841.6,1.0,53841.6
025,009,25F,0.08,1.0,0.08
025,010,25Ne,0.602,1.0,0.602
025,011,25Na,59.1,1.0,59.1
026,009,26F,0.008199999999999999,1.0,0.008199999999999999
026,010,26Ne,0.197,1.0,0.197
026,011,26Na,1.07128,1.0,1.07128
027,009,27F,0.005,1.0,0.005
027,010,27Ne,0.0309,1.0,0.0309
027,011,27Na,0.301,1.0,0.301
027,012,27Mg,566.1,1.0,566.1
028,010,28Ne,0.0188,1.0,0.0188
028,011,28Na,0.033100000000000004,1.0,0.033100000000000004
028,012,28Mg,75294.0,1.0,75294.0
028,013,28Al,134.70000000000002,1.0,134.70000000000002
029,009,29F,0.0025,1.0,0.0025
029,010,29Ne,0.0147,1.0,0.0147
029,011,29Na,0.0432,1.0,0.0432
029,012,29Mg,1.3,1.0,1.3
029,013,29Al,393.59999999999997,1.0,393.59999999999997
030,010,30Ne,0.00722,1.0,0.00722
030,011,30Na,0.045899999999999996,1.0,0.045899999999999996
030,012,30Mg,0.317,1.0,0.317
030,013,30Al,3.62,1.0,3.62
031,010,31Ne,0.0034,1.0,0.0034
031,011,31Na,0.016800000000000002,1.0,0.016800000000000002
031,012,31Mg,0.27,1.0,0.27
031,013,31Al,0.644,1.0,0.644
031,014,31Si,9429.6,1.0,9429.6
032,010,32Ne,0.0035,1.0,0.0035
032,011,32Na,0.0129,1.0,0.0129
032,012,32Mg,0.08040000000000001,1.0,0.08040000000000001
032,013,32Al,0.032600000000000004,1.0,0.032600000000000004
032,014,32Si,4954437382.0,1.0,4954437382.0
032,015,32P,1232841.6,1.0,1232841.6
033,011,33Na,0.008199999999999999,1.0,0.008199999999999999
033,012,33Mg,0.092,1.0,0.092
033,013,33Al,0.041460000000000004,1.0,0.041460000000000004
033,014,33Si,6.18,1.0,6.18
033,015,33P,2190240.0,1.0,2190240.0
034,011,34Na,0.0055,1.0,0.0055
034,012,34Mg,0.0449,1.0,0.0449
034,013,34Al,0.05373,1.0,0.05373
034,014,34Si,2.77,1.0,2.77
034,015,34P,12.43,1.0,12.43
035,011,35Na,0.0015,1.0,0.0015
035,012,35Mg,0.011300000000000001,1.0,0.011300000000000001
035,013,35Al,0.03816,1.0,0.03816
035,014,35Si,0.78,1.0,0.78
035,015,35P,47.3,1.0,47.3
035,016,35S,7548768.0,1.0,7548768.0
036,012,36Mg,0.0039,1.0,0.0039
036,013,36Al,0.09,1.0,0.09
036,014,36Si,0.503,1.0,0.503
036,015,36P,5.6,1.0,5.6
036,017,36Cl,9508101803800.0,0.981,9692254641997.96
037,013,37Al,0.0114,1.0,0.0114
037,014,37Si,0.14100000000000001,1.0,0.14100000000000001
037,015,37P,2.31,1.0,2.31
037,016,37S,303.0,1.0,303.0
038,013,38Al,0.009000000000000001,1.0,0.009000000000000001
038,014,38Si,0.063,1.0,0.063
038,015,38P,0.64,1.0,0.64
038,016,38S,10218.0,1.0,10218.0
038,017,38Cl,2233.7999999999997,1.0,2233.7999999999997
039,013,39Al,0.0076,1.0,0.0076
039,014,39Si,0.0412,1.0,0.0412
039,015,39P,0.28200000000000003,1.0,0.28200000000000003
039,016,39S,11.5,1.0,11.5
039,017,39Cl,3372.0,1.0,3372.0
039,018,39Ar,8457256168.0,1.0,8457256168.0
040,014,40Si,0.0312,1.0,0.0312
040,015,40P,0.15,1.0,0.15
040,016,40S,8.8,1.0,8.8
040,017,40Cl,81.0,1.0,81.0
040,019,40K,3.9383043648e+16,0.8928,4.411183204301075e+16
041,014,41Si,0.02,1.0,0.02
041,015,41P,0.101,1.0,0.101
041,016,41S,1.99,1.0,1.99
041,017,41Cl,38.4,1.0,38.4
041,018,41Ar,6576.6,1.0,6576.6
042,014,42Si,0.0125,1.0,0.0125
042,015,42P,0.0485,1.0,0.0485
042,016,42S,1.016,1.0,1.016
042,017,42Cl,6.8,1.0,6.8
042,018,42Ar,1038222865.4,1.0,1038222865.4
042,019,42K,44478.0,1.0,44478.0
043,015,43P,0.0358,1.0,0.0358
043,016,43S,0.265,1.0,0.265
043,017,43Cl,3.13,1.0,3.13
043,018,43Ar,322.2,1.0,322.2
043,019,43K,80280.0,1.0,80280.0
044,015,44P,0.0185,1.0,0.0185
044,016,44S,0.1,1.0,0.1
044,017,44Cl,0.562,1.0,0.562
044,018,44Ar,712.1999999999999,1.0,712.1999999999999
044,019,44K,1327.8,1.0,1327.8
045,016,45S,0.068,1.0,0.068
045,017,45Cl,0.41300000000000003,1.0,0.41300000000000003
045,018,45Ar,21.48,1.0,21.48
045,019,45K,1068.0,1.0,1068.0
045,020,45Ca,14049504.000000002,1.0,14049504.000000002
046,016,46S,0.05,1.0,0.05
046,017,46Cl,0.232,1.0,0.232
046,018,46Ar,8.4,1.0,8.4
046,019,46K,96.3,1.0,96.3
046,021,46Sc,7236604.800000001,1.0,7236604.800000001
047,017,47Cl,0.101,1.0,0.101
047,018,47Ar,1.23,1.0,1.23
047,019,47K,17.38,1.0,17.38
047,020,47Ca,391910.39999999997,1.0,391910.39999999997
047,021,47Sc,289370.88,1.0,289370.88
048,018,48Ar,0.41500000000000004,1.0,0.41500000000000004
048,019,48K,6.83,1.0,6.83
048,021,48Sc,157212.0,1.0,157212.0
049,018,49Ar,0.23600000000000002,1.0,0.23600000000000002
049,019,49K,1.26,1.0,1.26
049,020,49Ca,523.08,1.0,523.08
049,021,49Sc,3430.8,1.0,3430.8
050,018,50Ar,0.106,1.0,0.106
050,019,50K,0.47200000000000003,1.0,0.47200000000000003
050,020,50Ca,13.45,1.0,13.45
050,021,50Sc,102.5,1.0,102.5
051,019,51K,0.365,1.0,0.365
051,020,51Ca,10.0,1.0,10.0
051,021,51Sc,12.4,1.0,12.4
051,022,51Ti,345.59999999999997,1.0,345.59999999999997
052,019,52K,0.11,1.0,0.11
052,020,52Ca,4.6,1.0,4.6
052,021,52Sc,8.2,1.0,8.2
052,022,52Ti,102.0,1.0,102.0
052,023,52V,224.57999999999998,1.0,224.57999999999998
053,019,53K,0.03,1.0,0.03
053,020,53Ca,0.461,1.0,0.461
053,021,53Sc,2.4,1.0,2.4
053,022,53Ti,32.7,1.0,32.7
053,023,53V,92.58,1.0,92.58
054,019,54K,0.01,1.0,0.01
054,020,54Ca,0.09,1.0,0.09
054,021,54Sc,0.526,1.0,0.526
054,022,54Ti,2.1,1.0,2.1
054,023,54V,49.8,1.0,49.8
054,025,54Mn,26963798.400000002,0.009300000000000001,2899333161.2903223
055,020,55Ca,0.022,1.0,0.022
055,021,55Sc,0.096,1.0,0.096
055,022,55Ti,1.3,1.0,1.3
055,023,55V,6.54,1.0,6.54
055,024,55Cr,209.82,1.0,209.82
056,020,56Ca,0.011,1.0,0.011
056,022,56Ti,0.2,1.0,0.2
056,023,56V,0.216,1.0,0.216
056,024,56Cr,356.40000000000003,1.0,356.40000000000003
056,025,56Mn,9284.039999999999,1.0,9284.039999999999
057,021,57Sc,0.022,1.0,0.022
057,022,57Ti,0.095,1.0,0.095
057,023,57V,0.35000000000000003,1.0,0.35000000000000003
057,024,57Cr,21.1,1.0,21.1
057,025,57Mn,85.4,1.0,85.4
058,021,58Sc,0.012,1.0,0.012
058,022,58Ti,0.055,1.0,0.055
058,023,58V,0.191,1.0,0.191
058,024,58Cr,7.0,1.0,7.0
058,025,58Mn,3.0,1.0,3.0
059,022,59Ti,0.0285,1.0,0.0285
059,023,59V,0.095,1.0,0.095
059,024,59Cr,1.05,1.0,1.05
059,025,59Mn,4.59,1.0,4.59
059,026,59Fe,3844800.0,1.0,3844800.0
060,022,60Ti,0.0222,1.0,0.0222
060,024,60Cr,0.49,1.0,0.49
060,025,60Mn,0.28,1.0,0.28
060,026,60Fe,82679146120000.0,1.0,82679146120000.0
060,027,60Co,166349179.7164,1.0,166349179.7164
061,022,61Ti,0.015,1.0,0.015
061,023,61V,0.04820000000000001,1.0,0.04820000000000001
061,024,61Cr,0.243,1.0,0.243
061,025,61Mn,0.709,1.0,0.709
061,026,61Fe,358.8,1.0,358.8
061,027,61Co,5936.4,1.0,5936.4
062,023,62V,0.033600000000000005,1.0,0.033600000000000005
062,024,62Cr,0.20600000000000002,1.0,0.20600000000000002
062,026,62Fe,68.0,1.0,68.0
062,027,62Co,92.4,1.0,92.4
063,023,63V,0.019600000000000003,1.0,0.019600000000000003
063,024,63Cr,0.129,1.0,0.129
063,025,63Mn,0.275,1.0,0.275
063,026,63Fe,6.1,1.0,6.1
063,027,63Co,26.9,1.0,26.9
063,028,63Ni,3193560911.2000003,1.0,3193560911.2000003
064,023,64V,0.015,1.0,0.015
064,024,64Cr,0.043000000000000003,1.0,0.043000000000000003
064,025,64Mn,0.0888,1.0,0.0888
064,026,64Fe,2.0,1.0,2.0
064,027,64Co,0.3,1.0,0.3
064,029,64Cu,45721.44,0.3848,118818.71101871104
065,024,65Cr,0.0275,1.0,0.0275
065,025,65Mn,0.09190000000000001,1.0,0.09190000000000001
065,026,65Fe,0.805,1.0,0.805
065,027,65Co,1.16,1.0,1.16
065,028,65Ni,9063.0,1.0,9063.0
066,024,66Cr,0.0238,1.0,0.0238
066,025,66Mn,0.0638,1.0,0.0638
066,026,66Fe,0.467,1.0,0.467
066,027,66Co,0.194,1.0,0.194
066,028,66Ni,196560.0,1.0,196560.0
066,029,66Cu,307.2,1.0,307.2
067,025,67Mn,0.046700000000000005,1.0,0.046700000000000005
067,026,67Fe,0.394,1.0,0.394
067,027,67Co,0.329,1.0,0.329
067,028,67Ni,21.0,1.0,21.0
067,029,67Cu,222588.0,1.0,222588.0
068,025,68Mn,0.0337,1.0,0.0337
068,026,68Fe,0.188,1.0,0.188
068,028,68Ni,29.0,1.0,29.0
068,029,68Cu,30.9,1.0,30.9
069,025,69Mn,0.0221,1.0,0.0221
069,026,69Fe,0.162,1.0,0.162
069,028,69Ni,11.4,1.0,11.4
069,029,69Cu,171.0,1.0,171.0
069,030,69Zn,3384.0,1.0,3384.0
070,025,70Mn,0.019899999999999998,1.0,0.019899999999999998
070,026,70Fe,0.0614,1.0,0.0614
070,028,70Ni,6.0,1.0,6.0
070,029,70Cu,44.5,1.0,44.5
070,031,70Ga,1268.4,0.9959,1273.6218495832916
071,026,71Fe,0.0343,1.0,0.0343
071,027,71Co,0.08,1.0,0.08
071,028,71Ni,2.56,1.0,2.56
071,029,71Cu,19.4,1.0,19.4
071,030,71Zn,144.0,1.0,144.0
072,026,72Fe,0.017,1.0,0.017
072,028,72Ni,1.57,1.0,1.57
072,029,72Cu,6.63,1.0,6.63
072,030,72Zn,167400.0,1.0,167400.0
072,031,72Ga,50490.0,1.0,50490.0
073,026,73Fe,0.0129,1.0,0.0129
073,027,73Co,0.042,1.0,0.042
073,028,73Ni,0.84,1.0,0.84
073,029,73Cu,4.2,1.0,4.2
073,030,73Zn,24.5,1.0,24.5
073,031,73Ga,17496.0,1.0,17496.0
074,026,74Fe,0.005,1.0,0.005
074,027,74Co,0.0313,1.0,0.0313
074,028,74Ni,0.5077,1.0,0.5077
074,029,74Cu,1.606,1.0,1.606
074,030,74Zn,95.6,1.0,95.6
074,031,74Ga,487.19999999999993,1.0,487.19999999999993
074,033,74As,1535328.0,0.34,4515670.5882352935
075,027,75Co,0.0265,1.0,0.0265
075,028,75Ni,0.3316,1.0,0.3316
075,029,75Cu,1.224,1.0,1.224
075,030,75Zn,10.2,1.0,10.2
075,031,75Ga,126.0,1.0,126.0
075,032,75Ge,4966.8,1.0,4966.8
076,028,76Ni,0.2346,1.0,0.2346
076,029,76Cu,0.6377,1.0,0.6377
076,030,76Zn,5.7,1.0,5.7
076,031,76Ga,30.6,1.0,30.6
076,032,76Ge,59327020880.0,1.0,59327020880.0
076,033,76As,94461.12,1.0,94461.12
077,027,77Co,0.015,1.0,0.015
077,028,77Ni,0.1589,1.0,0.1589
077,029,77Cu,0.4703,1.0,0.4703
077,030,77Zn,2.08,1.0,2.08
077,031,77Ga,13.2,1.0,13.2
077,032,77Ge,40359.6,1.0,40359.6
077,033,77As,139644.0,1.0,139644.0
078,028,78Ni,0.1222,1.0,0.1222
078,029,78Cu,0.3307,1.0,0.3307
078,030,78Zn,1.47,1.0,1.47
078,031,78Ga,5.09,1.0,5.09
078,032,78Ge,5280.0,1.0,5280.0
078,033,78As,5442.0,1.0,5442.0
079,028,79Ni,0.044,1.0,0.044
079,029,79Cu,0.24130000000000001,1.0,0.24130000000000001
079,030,79Zn,0.746,1.0,0.746
079,031,79Ga,2.848,1.0,2.848
079,032,79Ge,18.98,1.0,18.98
079,033,79As,540.6,1.0,540.6
079,034,79Se,10319114802000.0,1.0,10319114802000.0
080,028,80Ni,0.03,1.0,0.03
080,029,80Cu,0.1133,1.0,0.1133
080,030,80Zn,0.5622,1.0,0.5622
080,032,80Ge,29.5,1.0,29.5
080,033,80As,15.2,1.0,15.2
080,035,80Br,1060.8,0.917,1156.8157033805887
081,029,81Cu,0.0732,1.0,0.0732
081,030,81Zn,0.2994,1.0,0.2994
081,031,81Ga,1.217,1.0,1.217
081,032,81Ge,9.0,1.0,9.0
081,033,81As,33.3,1.0,33.3
081,034,81Se,1107.0,1.0,1107.0
082,029,82Cu,0.034,1.0,0.034
082,030,82Zn,0.1779,1.0,0.1779
082,031,82Ga,0.6,1.0,0.6
082,032,82Ge,4.31,1.0,4.31
082,033,82As,19.1,1.0,19.1
082,034,82Se,2.7643867176e+18,1.0,2.7643867176e+18
082,035,82Br,127015.19999999998,1.0,127015.19999999998
083,030,83Zn,0.1,1.0,0.1
083,031,83Ga,0.31,1.0,0.31
083,032,83Ge,1.85,1.0,1.85
083,033,83As,13.4,1.0,13.4
083,034,83Se,1335.0,1.0,1335.0
083,035,83Br,8546.4,1.0,8546.4
084,030,84Zn,0.054,1.0,0.054
084,031,84Ga,0.09759999999999999,1.0,0.09759999999999999
084,032,84Ge,0.9510000000000001,1.0,0.9510000000000001
084,033,84As,3.16,1.0,3.16
084,034,84Se,195.6,1.0,195.6
084,035,84Br,1905.6000000000001,1.0,1905.6000000000001
084,037,84Rb,2835648.0,0.039,72708923.07692307
085,031,85Ga,0.0953,1.0,0.0953
085,032,85Ge,0.495,1.0,0.495
085,033,85As,2.022,1.0,2.022
085,034,85Se,32.9,1.0,32.9
085,035,85Br,174.0,1.0,174.0
085,036,85Kr,338542702.128,1.0,338542702.128
086,031,86Ga,0.049,1.0,0.049
086,032,86Ge,0.2216,1.0,0.2216
086,033,86As,0.9450000000000001,1.0,0.9450000000000001
086,034,86Se,14.3,1.0,14.3
086,035,86Br,55.1,1.0,55.1
087,031,87Ga,0.029,1.0,0.029
087,032,87Ge,0.10300000000000001,1.0,0.10300000000000001
087,033,87As,0.492,1.0,0.492
087,034,87Se,5.5,1.0,5.5
087,035,87Br,55.68,1.0,55.68
087,036,87Kr,4578.0,1.0,4578.0
087,037,87Rb,1.5683792222e+18,1.0,1.5683792222e+18
088,032,88Ge,0.061,1.0,0.061
088,033,88As,0.27,1.0,0.27
088,034,88Se,1.53,1.0,1.53
088,035,88Br,16.34,1.0,16.34
088,036,88Kr,10170.0,1.0,10170.0
088,037,88Rb,1066.8000000000002,1.0,1066.8000000000002
089,034,89Se,0.43,1.0,0.43
089,035,89Br,4.357,1.0,4.357
089,036,89Kr,189.0,1.0,189.0
089,037,89Rb,919.2,1.0,919.2
089,038,89Sr,4368643.2,1.0,4368643.2
090,034,90Se,0.21,1.0,0.21
090,035,90Br,1.91,1.0,1.91
090,036,90Kr,32.32,1.0,32.32
090,037,90Rb,158.0,1.0,158.0
090,038,90Sr,912310730.66,1.0,912310730.66
090,039,90Y,230580.0,1.0,230580.0
091,034,91Se,0.27,1.0,0.27
091,035,91Br,0.543,1.0,0.543
091,036,91Kr,8.57,1.0,8.57
091,037,91Rb,58.2,1.0,58.2
091,038,91Sr,34740.0,1.0,34740.0
091,039,91Y,5055264.0,1.0,5055264.0
092,035,92Br,0.314,1.0,0.314
092,036,92Kr,1.84,1.0,1.84
092,037,92Rb,4.48,1.0,4.48
092,038,92Sr,9399.6,1.0,9399.6
092,039,92Y,12744.0,1.0,12744.0
093,035,93Br,0.152,1.0,0.152
093,036,93Kr,1.287,1.0,1.287
093,037,93Rb,5.84,1.0,5.84
093,038,93Sr,445.79999999999995,1.0,445.79999999999995
093,039,93Y,36648.0,1.0,36648.0
093,040,93Zr,50806650860000.0,1.0,50806650860000.0
094,035,94Br,0.07,1.0,0.07
094,036,94Kr,0.212,1.0,0.212
094,037,94Rb,2.702,1.0,2.702
094,038,94Sr,75.3,1.0,75.3
094,039,94Y,1122.0,1.0,1122.0
094,041,94Nb,643761290400.0,1.0,643761290400.0
095,036,95Kr,0.114,1.0,0.114
095,037,95Rb,0.3777,1.0,0.3777
095,038,95Sr,23.9,1.0,23.9
095,039,95Y,618.0,1.0,618.0
095,040,95Zr,5532364.8,1.0,5532364.8
095,041,95Nb,3023222.4,1.0,3023222.4
096,036,96Kr,0.08,1.0,0.08
096,038,96Sr,1.059,1.0,1.059
096,039,96Y,5.34,1.0,5.34
096,040,96Zr,7.384320684e+17,1.0,7.384320684e+17
096,041,96Nb,84060.0,1.0,84060.0
097,036,97Kr,0.062200000000000005,1.0,0.062200000000000005
097,037,97Rb,0.1691,1.0,0.1691
097,038,97Sr,0.432,1.0,0.432
097,039,97Y,3.75,1.0,3.75
097,040,97Zr,60296.399999999994,1.0,60296.399999999994
097,041,97Nb,4326.0,1.0,4326.0
098,036,98Kr,0.0428,1.0,0.0428
098,037,98Rb,0.115,1.0,0.115
098,038,98Sr,0.653,1.0,0.653
098,039,98Y,0.548,1.0,0.548
098,040,98Zr,30.7,1.0,30.7
098,041,98Nb,2.86,1.0,2.86
098,043,98Tc,132539089200000.0,1.0,132539089200000.0
099,036,99Kr,0.04,1.0,0.04
099,037,99Rb,0.054,1.0,0.054
099,038,99Sr,0.2692,1.0,0.2692
099,039,99Y,1.484,1.0,1.484
099,040,99Zr,2.1,1.0,2.1
099,041,99Nb,15.0,1.0,15.0
099,042,99Mo,237355.2,1.0,237355.2
099,043,99Tc,6661667078600.0,1.0,6661667078600.0
100,036,100Kr,0.012,1.0,0.012
100,037,100Rb,0.0513,1.0,0.0513
100,038,100Sr,0.2021,1.0,0.2021
100,039,100Y,0.9400000000000001,1.0,0.9400000000000001
100,040,100Zr,7.1,1.0,7.1
100,041,100Nb,1.5,1.0,1.5
100,042,100Mo,2.2310746682e+17,1.0,2.2310746682e+17
101,037,101Rb,0.0318,1.0,0.0318
101,038,101Sr,0.11370000000000001,1.0,0.11370000000000001
101,039,101Y,0.426,1.0,0.426
101,040,101Zr,2.29,1.0,2.29
101,041,101Nb,7.1,1.0,7.1
101,042,101Mo,876.5999999999999,1.0,876.5999999999999
101,043,101Tc,853.2,1.0,853.2
102,037,102Rb,0.037,1.0,0.037
102,038,102Sr,0.069,1.0,0.069
102,040,102Zr,2.01,1.0,2.01
102,041,102Nb,4.3,1.0,4.3
102,042,102Mo,678.0,1.0,678.0
102,045,102Rh,17884800.0,0.22,81294545.45454545
103,037,103Rb,0.026000000000000002,1.0,0.026000000000000002
103,038,103Sr,0.053,1.0,0.053
103,039,103Y,0.23900000000000002,1.0,0.23900000000000002
103,040,103Zr,1.38,1.0,1.38
103,041,103Nb,1.34,1.0,1.34
103,042,103Mo,67.5,1.0,67.5
103,043,103Tc,54.2,1.0,54.2
103,044,103Ru,3390768.0,1.0,3390768.0
104,038,104Sr,0.0506,1.0,0.0506
104,039,104Y,0.197,1.0,0.197
104,040,104Zr,0.92,1.0,0.92
104,042,104Mo,60.0,1.0,60.0
104,043,104Tc,1098.0,1.0,1098.0
104,045,104Rh,42.3,0.9954999999999999,42.491210447011554
105,038,105Sr,0.039,1.0,0.039
105,039,105Y,0.095,1.0,0.095
105,040,105Zr,0.67,1.0,0.67
105,041,105Nb,2.91,1.0,2.91
105,042,105Mo,36.3,1.0,36.3
105,043,105Tc,458.4,1.0,458.4
105,044,105Ru,15980.4,1.0,15980.4
105,045,105Rh,127227.6,1.0,127227.6
106,038,106Sr,0.021,1.0,0.021
106,039,106Y,0.075,1.0,0.075
106,040,106Zr,0.179,1.0,0.179
106,041,106Nb,0.9,1.0,0.9
106,042,106Mo,8.73,1.0,8.73
106,043,106Tc,35.6,1.0,35.6
106,044,106Ru,32123520.0,1.0,32123520.0
106,045,106Rh,30.07,1.0,30.07
107,039,107Y,0.0335,1.0,0.0335
107,040,107Zr,0.1457,1.0,0.1457
107,041,107Nb,0.28600000000000003,1.0,0.28600000000000003
107,042,107Mo,3.5,1.0,3.5
107,043,107Tc,21.2,1.0,21.2
107,044,107Ru,225.0,1.0,225.0
107,045,107Rh,1302.0,1.0,1302.0
107,046,107Pd,205120019000000.0,1.0,205120019000000.0
108,039,108Y,0.03,1.0,0.03
108,040,108Zr,0.0785,1.0,0.0785
108,041,108Nb,0.201,1.0,0.201
108,042,108Mo,1.105,1.0,1.105
108,043,108Tc,5.17,1.0,5.17
108,044,108Ru,273.0,1.0,273.0
108,045,108Rh,16.8,1.0,16.8
108,047,108Ag,142.92000000000002,0.9715,147.11271230056616
109,039,109Y,0.025,1.0,0.025
109,040,109Zr,0.056,1.0,0.056
109,041,109Nb,0.10690000000000001,1.0,0.10690000000000001
109,042,109Mo,0.7000000000000001,1.0,0.7000000000000001
109,043,109Tc,0.905,1.0,0.905
109,044,109Ru,34.4,1.0,34.4
109,045,109Rh,80.8,1.0,80.8
109,046,109Pd,48924.0,1.0,48924.0
110,040,110Zr,0.0375,1.0,0.0375
110,042,110Mo,0.292,1.0,0.292
110,043,110Tc,0.9,1.0,0.9
110,044,110Ru,12.04,1.0,12.04
111,040,111Zr,0.024,1.0,0.024
111,041,111Nb,0.054,1.0,0.054
111,042,111Mo,0.1936,1.0,0.1936
111,043,111Tc,0.35000000000000003,1.0,0.35000000000000003
111,044,111Ru,2.12,1.0,2.12
111,045,111Rh,11.0,1.0,11.0
111,046,111Pd,1413.6,1.0,1413.6
111,047,111Ag,642211.2,1.0,642211.2
112,040,112Zr,0.043000000000000003,1.0,0.043000000000000003
112,041,112Nb,0.038,1.0,0.038
112,042,112Mo,0.125,1.0,0.125
112,043,112Tc,0.323,1.0,0.323
112,044,112Ru,1.75,1.0,1.75
112,045,112Rh,3.4,1.0,3.4
112,046,112Pd,75744.0,1.0,75744.0
112,047,112Ag,11268.0,1.0,11268.0
112,049,112In,892.8000000000001,0.38,2349.4736842105262
113,041,113Nb,0.032,1.0,0.032
113,042,113Mo,0.08,1.0,0.08
113,043,113Tc,0.152,1.0,0.152
113,044,113Ru,0.8,1.0,0.8
113,045,113Rh,2.8,1.0,2.8
113,046,113Pd,93.0,1.0,93.0
113,047,113Ag,19332.0,1.0,19332.0
113,048,113Cd,253717685039999.97,1.0,253717685039999.97
114,041,114Nb,0.017,1.0,0.017
114,042,114Mo,0.058,1.0,0.058
114,044,114Ru,0.54,1.0,0.54
114,046,114Pd,145.2,1.0,145.2
114,047,114Ag,4.6,1.0,4.6
114,049,114In,71.9,0.995,72.26130653266333
115,041,115Nb,0.023,1.0,0.023
115,042,115Mo,0.0455,1.0,0.0455
115,043,115Tc,0.078,1.0,0.078
115,044,115Ru,0.318,1.0,0.318
115,045,115Rh,1.03,1.0,1.03
115,046,115Pd,25.0,1.0,25.0
115,047,115Ag,1200.0,1.0,1200.0
115,048,115Cd,192456.0,1.0,192456.0
115,049,115In,13916604366000.0,1.0,13916604366000.0
116,042,116Mo,0.032,1.0,0.032
116,043,116Tc,0.057,1.0,0.057
116,044,116Ru,0.20400000000000001,1.0,0.20400000000000001
116,046,116Pd,11.8,1.0,11.8
116,047,116Ag,229.8,1.0,229.8
116,048,116Cd,8.488813094e+17,1.0,8.488813094e+17
117,042,117Mo,0.022,1.0,0.022
117,043,117Tc,0.0445,1.0,0.0445
117,044,117Ru,0.151,1.0,0.151
117,045,117Rh,0.421,1.0,0.421
117,046,117Pd,4.3,1.0,4.3
117,047,117Ag,73.6,1.0,73.6
117,048,117Cd,9010.800000000001,1.0,9010.800000000001
117,049,117In,2592.0,1.0,2592.0
118,042,118Mo,0.021,1.0,0.021
118,043,118Tc,0.03,1.0,0.03
118,044,118Ru,0.099,1.0,0.099
118,046,118Pd,1.9,1.0,1.9
118,047,118Ag,3.76,1.0,3.76
118,048,118Cd,3018.0,1.0,3018.0
119,043,119Tc,0.022,1.0,0.022
119,044,119Ru,0.0695,1.0,0.0695
119,045,119Rh,0.19,1.0,0.19
119,046,119Pd,0.92,1.0,0.92
119,048,119Cd,161.4,1.0,161.4
119,049,119In,144.0,1.0,144.0
120,043,120Tc,0.021,1.0,0.021
120,044,120Ru,0.045,1.0,0.045
120,045,120Rh,0.1296,1.0,0.1296
120,046,120Pd,0.492,1.0,0.492
120,048,120Cd,50.8,1.0,50.8
121,043,121Tc,0.022,1.0,0.022
121,044,121Ru,0.029,1.0,0.029
121,045,121Rh,0.074,1.0,0.074
121,046,121Pd,0.29,1.0,0.29
121,048,121Cd,13.5,1.0,13.5
121,049,121In,23.1,1.0,23.1
121,050,121Sn,97308.0,1.0,97308.0
122,044,122Ru,0.025,1.0,0.025
122,045,122Rh,0.051000000000000004,1.0,0.051000000000000004
122,046,122Pd,0.193,1.0,0.193
122,048,122Cd,5.24,1.0,5.24
122,051,122Sb,235336.32,0.9759,241147.986474024
123,044,123Ru,0.019,1.0,0.019
123,045,123Rh,0.042,1.0,0.042
123,046,123Pd,0.108,1.0,0.108
123,047,123Ag,0.294,1.0,0.294
123,048,123Cd,2.1,1.0,2.1
123,049,123In,6.17,1.0,6.17
123,050,123Sn,11162879.999999998,1.0,11162879.999999998
124,044,124Ru,0.015,1.0,0.015
124,045,124Rh,0.03,1.0,0.03
124,046,124Pd,0.088,1.0,0.088
124,048,124Cd,1.25,1.0,1.25
124,051,124Sb,5201280.0,1.0,5201280.0
125,045,125Rh,0.0265,1.0,0.0265
125,046,125Pd,0.06,1.0,0.06
125,047,125Ag,0.16,1.0,0.16
125,048,125Cd,0.68,1.0,0.68
125,049,125In,2.36,1.0,2.36
125,050,125Sn,832377.6,1.0,832377.6
125,051,125Sb,87021379.1376,1.0,87021379.1376
126,045,126Rh,0.019,1.0,0.019
126,046,126Pd,0.048600000000000004,1.0,0.048600000000000004
126,047,126Ag,0.052000000000000005,1.0,0.052000000000000005
126,048,126Cd,0.512,1.0,0.512
126,049,126In,1.53,1.0,1.53
126,050,126Sn,7258092980000.0,1.0,7258092980000.0
126,051,126Sb,1067040.0,1.0,1067040.0
126,053,126I,1117152.0,0.473,2361843.5517970403
127,045,127Rh,0.028,1.0,0.028
127,046,127Pd,0.038,1.0,0.038
127,048,127Cd,0.48,1.0,0.48
127,049,127In,1.086,1.0,1.086
127,050,127Sn,7560.0,1.0,7560.0
127,051,127Sb,332640.0,1.0,332640.0
127,052,127Te,33660.0,1.0,33660.0
128,046,128Pd,0.035,1.0,0.035
128,047,128Ag,0.06,1.0,0.06
128,048,128Cd,0.246,1.0,0.246
128,049,128In,0.8160000000000001,1.0,0.8160000000000001
128,050,128Sn,3544.2,1.0,3544.2
128,052,128Te,71003083500000.0,1.0,71003083500000.0
128,053,128I,1499.3999999999999,0.9309999999999999,1610.5263157894738
129,046,129Pd,0.031,1.0,0.031
129,048,129Cd,0.147,1.0,0.147
129,049,129In,0.5700000000000001,1.0,0.5700000000000001
129,050,129Sn,133.8,1.0,133.8
129,051,129Sb,15717.599999999999,1.0,15717.599999999999
129,052,129Te,4176.0,1.0,4176.0
129,053,129I,509328785640000.0,1.0,509328785640000.0
130,047,130Ag,0.040600000000000004,1.0,0.040600000000000004
130,048,130Cd,0.1268,1.0,0.1268
130,050,130Sn,223.20000000000002,1.0,223.20000000000002
130,051,130Sb,2370.0,1.0,2370.0
130,052,130Te,2.4961528466e+19,1.0,2.4961528466e+19
130,053,130I,44496.0,1.0,44496.0
130,055,130Cs,1752.6000000000001,0.016,109537.5
131,047,131Ag,0.035,1.0,0.035
131,048,131Cd,0.098,1.0,0.098
131,049,131In,0.2615,1.0,0.2615
131,050,131Sn,56.0,1.0,56.0
131,051,131Sb,1381.8000000000002,1.0,1381.8000000000002
131,052,131Te,1500.0,1.0,1500.0
131,053,131I,693351.3600000001,1.0,693351.3600000001
132,047,132Ag,0.03,1.0,0.03
132,048,132Cd,0.084,1.0,0.084
132,049,132In,0.2022,1.0,0.2022
132,050,132Sn,39.7,1.0,39.7
132,051,132Sb,167.4,1.0,167.4
132,052,132Te,276825.60000000003,1.0,276825.60000000003
132,053,132I,8262.0,1.0,8262.0
132,055,132Cs,559872.0,0.0187,29939679.144385025
133,048,133Cd,0.061,1.0,0.061
133,049,133In,0.163,1.0,0.163
133,050,133Sn,1.37,1.0,1.37
133,051,133Sb,140.39999999999998,1.0,140.39999999999998
133,052,133Te,750.0,1.0,750.0
133,053,133I,74988.0,1.0,74988.0
133,054,133Xe,453375.36,1.0,453375.36
134,048,134Cd,0.065,1.0,0.065
134,049,134In,0.136,1.0,0.136
134,050,134Sn,0.93,1.0,0.93
134,051,134Sb,0.674,1.0,0.674
134,052,134Te,2508.0,1.0,2508.0
134,053,134I,3150.0,1.0,3150.0
134,055,134Cs,65165052.19,1.0,65165052.19
135,049,135In,0.10300000000000001,1.0,0.10300000000000001
135,050,135Sn,0.515,1.0,0.515
135,051,135Sb,1.668,1.0,1.668
135,052,135Te,19.0,1.0,19.0
135,053,135I,23688.0,1.0,23688.0
135,054,135Xe,32904.0,1.0,32904.0
135,055,135Cs,41970711580000.0,1.0,41970711580000.0
136,049,136In,0.08600000000000001,1.0,0.08600000000000001
136,050,136Sn,0.355,1.0,0.355
136,051,136Sb,0.923,1.0,0.923
136,052,136Te,17.63,1.0,17.63
136,053,136I,83.4,1.0,83.4
136,054,136Xe,68794098680.0,1.0,68794098680.0
136,055,136Cs,1124064.0,1.0,1124064.0
137,049,137In,0.07,1.0,0.07
137,050,137Sn,0.249,1.0,0.249
137,051,137Sb,0.497,1.0,0.497
137,052,137Te,2.49,1.0,2.49
137,053,137I,24.13,1.0,24.13
137,054,137Xe,229.08,1.0,229.08
137,055,137Cs,947970057.04,1.0,947970057.04
138,050,138Sn,0.148,1.0,0.148
138,051,138Sb,0.333,1.0,0.333
138,052,138Te,1.46,1.0,1.46
138,053,138I,6.26,1.0,6.26
138,054,138Xe,848.4000000000001,1.0,848.4000000000001
138,055,138Cs,2010.0,1.0,2010.0
138,057,138La,3.250363378e+18,0.345,9.421343124637682e+18
139,050,139Sn,0.12,1.0,0.12
139,051,139Sb,0.182,1.0,0.182
139,052,139Te,0.724,1.0,0.724
139,053,139I,2.28,1.0,2.28
139,054,139Xe,39.68,1.0,39.68
139,055,139Cs,556.1999999999999,1.0,556.1999999999999
139,056,139Ba,4975.8,1.0,4975.8
140,051,140Sb,0.17,1.0,0.17
140,052,140Te,0.35100000000000003,1.0,0.35100000000000003
140,053,140I,0.588,1.0,0.588
140,054,140Xe,13.6,1.0,13.6
140,055,140Cs,63.7,1.0,63.7
140,056,140Ba,1101893.76,1.0,1101893.76
140,057,140La,145040.4,1.0,145040.4
141,051,141Sb,0.10300000000000001,1.0,0.10300000000000001
141,052,141Te,0.193,1.0,0.193
141,053,141I,0.42,1.0,0.42
141,054,141Xe,1.73,1.0,1.73
141,055,141Cs,24.84,1.0,24.84
141,056,141Ba,1096.2,1.0,1096.2
141,057,141La,14112.0,1.0,14112.0
141,058,141Ce,2808432.0,1.0,2808432.0
142,051,142Sb,0.08,1.0,0.08
142,052,142Te,0.147,1.0,0.147
142,053,142I,0.23500000000000001,1.0,0.23500000000000001
142,054,142Xe,1.23,1.0,1.23
142,055,142Cs,1.687,1.0,1.687
142,056,142Ba,636.0,1.0,636.0
142,057,142La,5466.0,1.0,5466.0
143,052,143Te,0.12,1.0,0.12
143,053,143I,0.182,1.0,0.182
143,054,143Xe,0.511,1.0,0.511
143,055,143Cs,1.802,1.0,1.802
143,056,143Ba,14.5,1.0,14.5
143,057,143La,852.0,1.0,852.0
143,058,143Ce,118940.40000000001,1.0,118940.40000000001
143,059,143Pr,1172448.0,1.0,1172448.0
144,052,144Te,0.093,1.0,0.093
144,053,144I,0.094,1.0,0.094
144,054,144Xe,0.388,1.0,0.388
144,055,144Cs,0.994,1.0,0.994
144,056,144Ba,11.73,1.0,11.73
144,057,144La,44.0,1.0,44.0
144,058,144Ce,24614150.400000002,1.0,24614150.400000002
144,059,144Pr,1036.8000000000002,1.0,1036.8000000000002
145,053,145I,0.0897,1.0,0.0897
145,054,145Xe,0.188,1.0,0.188
145,055,145Cs,0.582,1.0,0.582
145,056,145Ba,4.31,1.0,4.31
145,057,145La,24.8,1.0,24.8
145,058,145Ce,180.6,1.0,180.6
145,059,145Pr,21542.4,1.0,21542.4
146,053,146I,0.094,1.0,0.094
146,054,146Xe,0.146,1.0,0.146
146,055,146Cs,0.32160000000000005,1.0,0.32160000000000005
146,056,146Ba,2.15,1.0,2.15
146,058,146Ce,809.4,1.0,809.4
146,059,146Pr,1445.4,1.0,1445.4
146,061,146Pm,174509800.78,0.34,513264119.9411764
147,054,147Xe,0.088,1.0,0.088
147,055,147Cs,0.2305,1.0,0.2305
147,056,147Ba,0.893,1.0,0.893
147,057,147La,4.026,1.0,4.026
147,058,147Ce,56.4,1.0,56.4
147,059,147Pr,803.4000000000001,1.0,803.4000000000001
147,060,147Nd,948672.0,1.0,948672.0
147,061,147Pm,82786439.6684,1.0,82786439.6684
148,054,148Xe,0.085,1.0,0.085
148,055,148Cs,0.15180000000000002,1.0,0.15180000000000002
148,056,148Ba,0.62,1.0,0.62
148,057,148La,1.414,1.0,1.414
148,058,148Ce,56.8,1.0,56.8
148,059,148Pr,137.4,1.0,137.4
148,061,148Pm,463795.2,1.0,463795.2
149,055,149Cs,0.1123,1.0,0.1123
149,056,149Ba,0.34900000000000003,1.0,0.34900000000000003
149,057,149La,1.071,1.0,1.071
149,058,149Ce,4.94,1.0,4.94
149,059,149Pr,135.6,1.0,135.6
149,060,149Nd,6220.8,1.0,6220.8
149,061,149Pm,191088.0,1.0,191088.0
150,055,150Cs,0.081,1.0,0.081
150,056,150Ba,0.258,1.0,0.258
150,057,150La,0.504,1.0,0.504
150,058,150Ce,6.05,1.0,6.05
150,059,150Pr,6.19,1.0,6.19
150,060,150Nd,2.934794118e+17,1.0,2.934794118e+17
150,061,150Pm,9712.8,1.0,9712.8
151,055,151Cs,0.059000000000000004,1.0,0.059000000000000004
151,056,151Ba,0.167,1.0,0.167
151,057,151La,0.465,1.0,0.465
151,058,151Ce,1.76,1.0,1.76
151,059,151Pr,18.9,1.0,18.9
151,060,151Nd,746.4,1.0,746.4
151,061,151Pm,102240.0,1.0,102240.0
151,062,151Sm,2985285199.6,1.0,2985285199.6
152,056,152Ba,0.139,1.0,0.139
152,057,152La,0.28700000000000003,1.0,0.28700000000000003
152,058,152Ce,1.42,1.0,1.42
152,059,152Pr,3.57,1.0,3.57
152,060,152Nd,684.0,1.0,684.0
152,063,152Eu,426554968.742,0.2792,1527775676.0100286
153,056,153Ba,0.113,1.0,0.113
153,057,153La,0.245,1.0,0.245
153,058,153Ce,0.865,1.0,0.865
153,059,153Pr,4.28,1.0,4.28
153,060,153Nd,31.6,1.0,31.6
153,061,153Pm,315.0,1.0,315.0
153,062,153Sm,166624.56,1.0,166624.56
154,056,154Ba,0.053,1.0,0.053
154,057,154La,0.161,1.0,0.161
154,058,154Ce,0.722,1.0,0.722
154,059,154Pr,2.3,1.0,2.3
154,060,154Nd,25.9,1.0,25.9
154,063,154Eu,271137108.19200003,0.99982,271185921.6578984
155,057,155La,0.101,1.0,0.101
155,058,155Ce,0.313,1.0,0.313
155,059,155Pr,1.47,1.0,1.47
155,060,155Nd,8.9,1.0,8.9
155,061,155Pm,41.5,1.0,41.5
155,062,155Sm,1330.8,1.0,1330.8
155,063,155Eu,149642943.092,1.0,149642943.092
156,057,156La,0.084,1.0,0.084
156,058,156Ce,0.233,1.0,0.233
156,059,156Pr,0.444,1.0,0.444
156,060,156Nd,5.06,1.0,5.06
156,061,156Pm,27.4,1.0,27.4
156,062,156Sm,33840.0,1.0,33840.0
156,063,156Eu,1312416.0,1.0,1312416.0
157,058,157Ce,0.17500000000000002,1.0,0.17500000000000002
157,059,157Pr,0.307,1.0,0.307
157,060,157Nd,1.15,1.0,1.15
157,061,157Pm,10.56,1.0,10.56
157,062,157Sm,481.79999999999995,1.0,481.79999999999995
157,063,157Eu,54648.0,1.0,54648.0
158,058,158Ce,0.099,1.0,0.099
158,059,158Pr,0.181,1.0,0.181
158,060,158Nd,0.81,1.0,0.81
158,061,158Pm,4.8,1.0,4.8
158,062,158Sm,318.0,1.0,318.0
158,063,158Eu,2754.0,1.0,2754.0
158,065,158Tb,5680246680.0,0.166,34218353493.975903
159,059,159Pr,0.134,1.0,0.134
159,060,159Nd,0.5,1.0,0.5
159,061,159Pm,1.49,1.0,1.49
159,062,159Sm,11.37,1.0,11.37
159,063,159Eu,1086.0,1.0,1086.0
159,064,159Gd,66524.4,1.0,66524.4
160,059,160Pr,0.17,1.0,0.17
160,060,160Nd,0.439,1.0,0.439
160,061,160Pm,0.725,1.0,0.725
160,062,160Sm,9.6,1.0,9.6
160,063,160Eu,42.6,1.0,42.6
160,065,160Tb,6246720.0,1.0,6246720.0
161,060,161Nd,0.215,1.0,0.215
161,061,161Pm,1.05,1.0,1.05
161,062,161Sm,4.8,1.0,4.8
161,063,161Eu,26.2,1.0,26.2
161,064,161Gd,218.76,1.0,218.76
161,065,161Tb,600307.2000000001,1.0,600307.2000000001
162,060,162Nd,0.31,1.0,0.31
162,061,162Pm,0.63,1.0,0.63
162,062,162Sm,2.7,1.0,2.7
162,064,162Gd,504.0,1.0,504.0
162,065,162Tb,456.0,1.0,456.0
163,061,163Pm,0.255,1.0,0.255
163,062,163Sm,1.3,1.0,1.3
163,063,163Eu,7.7,1.0,7.7
163,064,163Gd,68.0,1.0,68.0
163,065,163Tb,1170.0,1.0,1170.0
164,062,164Sm,1.43,1.0,1.43
164,063,164Eu,4.16,1.0,4.16
164,064,164Gd,45.0,1.0,45.0
164,065,164Tb,180.0,1.0,180.0
165,062,165Sm,0.98,1.0,0.98
165,063,165Eu,2.53,1.0,2.53
165,064,165Gd,11.6,1.0,11.6
165,065,165Tb,126.6,1.0,126.6
165,066,165Dy,8395.199999999999,1.0,8395.199999999999
166,062,166Sm,0.8,1.0,0.8
166,063,166Eu,1.24,1.0,1.24
166,064,166Gd,5.1,1.0,5.1
166,065,166Tb,27.1,1.0,27.1
166,066,166Dy,293760.0,1.0,293760.0
166,067,166Ho,96523.2,1.0,96523.2
167,063,167Eu,1.33,1.0,1.33
167,064,167Gd,4.2,1.0,4.2
167,065,167Tb,18.9,1.0,18.9
167,066,167Dy,372.0,1.0,372.0
167,067,167Ho,11160.0,1.0,11160.0
168,063,168Eu,0.2,1.0,0.2
168,064,168Gd,3.03,1.0,3.03
168,065,168Tb,9.4,1.0,9.4
168,066,168Dy,522.0,1.0,522.0
168,067,168Ho,179.4,1.0,179.4
168,069,168Tm,8043839.999999999,0.0001,80438399999.99998
169,064,169Gd,0.75,1.0,0.75
169,065,169Tb,5.13,1.0,5.13
169,066,169Dy,39.0,1.0,39.0
169,067,169Ho,283.2,1.0,283.2
169,068,169Er,811468.7999999999,1.0,811468.7999999999
170,064,170Gd,0.42,1.0,0.42
170,065,170Tb,0.96,1.0,0.96
170,066,170Dy,54.9,1.0,54.9
170,069,170Tm,11111040.0,0.99869,11125614.555067139
171,065,171Tb,1.23,1.0,1.23
171,066,171Dy,4.07,1.0,4.07
171,067,171Ho,53.0,1.0,53.0
171,068,171Er,27057.6,1.0,27057.6
171,069,171Tm,60589297.919999994,1.0,60589297.919999994
172,065,172Tb,0.76,1.0,0.76
172,066,172Dy,3.4,1.0,3.4
172,067,172Ho,25.0,1.0,25.0
172,068,172Er,177480.0,1.0,177480.0
172,069,172Tm,228960.0,1.0,228960.0
173,066,173Dy,1.43,1.0,1.43
173,067,173Ho,7.1,1.0,7.1
173,068,173Er,86.03999999999999,1.0,86.03999999999999
173,069,173Tm,29664.0,1.0,29664.0
174,067,174Ho,3.7,1.0,3.7
174,068,174Er,192.0,1.0,192.0
174,069,174Tm,324.0,1.0,324.0
175,067,175Ho,1.88,1.0,1.88
175,068,175Er,72.0,1.0,72.0
175,069,175Tm,912.0,1.0,912.0
175,070,175Yb,361583.99999999994,1.0,361583.99999999994
176,069,176Tm,111.0,1.0,111.0
176,071,176Lu,1.16792183126e+18,1.0,1.16792183126e+18
177,070,177Yb,6879.6,1.0,6879.6
177,071,177Lu,574067.52,1.0,574067.52
178,070,178Yb,4440.0,1.0,4440.0
178,071,178Lu,1704.0,1.0,1704.0
179,070,179Yb,480.0,1.0,480.0
179,071,179Lu,16524.0,1.0,16524.0
180,070,180Yb,144.0,1.0,144.0
180,071,180Lu,342.0,1.0,342.0
180,073,180Ta,29354.4,0.15,195696.00000000003
181,071,181Lu,210.0,1.0,210.0
181,072,181Hf,3662496.0,1.0,3662496.0
182,071,182Lu,120.0,1.0,120.0
182,072,182Hf,280856641400000.0,1.0,280856641400000.0
182,073,182Ta,9913536.0,1.0,9913536.0
183,071,183Lu,58.0,1.0,58.0
183,072,183Hf,3664.8,1.0,3664.8
183,073,183Ta,440639.99999999994,1.0,440639.99999999994
184,071,184Lu,20.0,1.0,20.0
184,072,184Hf,14832.0,1.0,14832.0
184,073,184Ta,31319.999999999996,1.0,31319.999999999996
185,072,185Hf,210.0,1.0,210.0
185,073,185Ta,2964.0,1.0,2964.0
185,074,185W,6488639.999999999,1.0,6488639.999999999
186,072,186Hf,156.0,1.0,156.0
186,073,186Ta,630.0,1.0,630.0
186,075,186Re,321278.4,0.9253,347215.3896033719
187,073,187Ta,138.0,1.0,138.0
187,074,187W,85712.40000000001,1.0,85712.40000000001
187,075,187Re,1.3127681216e+18,1.0,1.3127681216e+18
188,073,188Ta,19.6,1.0,19.6
188,074,188W,6028128.0,1.0,6028128.0
188,075,188Re,61218.0,1.0,61218.0
189,074,189W,696.0,1.0,696.0
189,075,189Re,87480.0,1.0,87480.0
190,073,190Ta,5.3,1.0,5.3
190,074,190W,1800.0,1.0,1800.0
190,075,190Re,180.0,1.0,180.0
191,075,191Re,588.0,1.0,588.0
191,076,191Os,1295136.0,1.0,1295136.0
192,073,192Ta,2.2,1.0,2.2
192,075,192Re,15.4,1.0,15.4
192,077,192Ir,6378047.999999999,0.9523999999999999,6696816.463670726
193,076,193Os,107388.0,1.0,107388.0
194,075,194Re,5.0,1.0,5.0
194,076,194Os,189341556.0,1.0,189341556.0
194,077,194Ir,69660.0,1.0,69660.0
195,075,195Re,6.0,1.0,6.0
195,076,195Os,390.0,1.0,390.0
195,077,195Ir,8244.0,1.0,8244.0
196,076,196Os,2094.0,1.0,2094.0
196,077,196Ir,52.0,1.0,52.0
196,079,196Au,532656.0,0.07,7609371.428571428
197,076,197Os,93.0,1.0,93.0
197,077,197Ir,348.0,1.0,348.0
197,078,197Pt,71609.40000000001,1.0,71609.40000000001
198,076,198Os,125.0,1.0,125.0
198,077,198Ir,8.7,1.0,8.7
198,079,198Au,232816.896,1.0,232816.896
199,076,199Os,6.0,1.0,6.0
199,077,199Ir,7.0,1.0,7.0
199,078,199Pt,1848.0,1.0,1848.0
199,079,199Au,271209.6,1.0,271209.6
200,076,200Os,7.0,1.0,7.0
200,077,200Ir,43.0,1.0,43.0
200,078,200Pt,45360.0,1.0,45360.0
200,079,200Au,2904.0,1.0,2904.0
201,077,201Ir,21.0,1.0,21.0
201,078,201Pt,150.0,1.0,150.0
201,079,201Au,1560.0,1.0,1560.0
202,077,202Ir,11.0,1.0,11.0
202,078,202Pt,158400.0,1.0,158400.0
202,079,202Au,28.4,1.0,28.4
203,078,203Pt,22.0,1.0,22.0
203,079,203Au,60.0,1.0,60.0
203,080,203Hg,4027104.0,1.0,4027104.0
204,078,204Pt,10.3,1.0,10.3
204,079,204Au,38.3,1.0,38.3
204,081,204Tl,119379851.058,0.9708,122970592.35475896
205,079,205Au,32.0,1.0,32.0
205,080,205Hg,308.4,1.0,308.4
206,079,206Au,47.0,1.0,47.0
206,080,206Hg,499.20000000000005,1.0,499.20000000000005
206,081,206Tl,252.12,1.0,252.12
207,080,207Hg,174.0,1.0,174.0
207,081,207Tl,286.2,1.0,286.2
208,080,208Hg,135.0,1.0,135.0
208,081,208Tl,183.18,1.0,183.18
209,080,209Hg,6.3,1.0,6.3
209,081,209Tl,129.72,1.0,129.72
209,082,209Pb,11646.0,1.0,11646.0
210,080,210Hg,64.0,1.0,64.0
210,081,210Tl,78.0,1.0,78.0
210,082,210Pb,700563757.1999999,1.0,700563757.1999999
210,083,210Bi,433036.8,1.0,433036.8
211,080,211Hg,26.4,1.0,26.4
211,081,211Tl,81.0,1.0,81.0
211,082,211Pb,2169.768,1.0,2169.768
211,083,211Bi,128.4,0.0027600000000000003,46521.73913043478
212,081,212Tl,31.0,1.0,31.0
212,082,212Pb,38257.200000000004,1.0,38257.200000000004
212,083,212Bi,3633.0,0.6406000000000001,5671.245707149546
213,081,213Tl,23.8,1.0,23.8
213,082,213Pb,612.0,1.0,612.0
213,083,213Bi,2736.0,0.9791,2794.4030231845572
214,081,214Tl,11.0,1.0,11.0
214,082,214Pb,1623.6,1.0,1623.6
214,083,214Bi,1194.0,0.99979,1194.25079266646
215,081,215Tl,9.7,1.0,9.7
215,082,215Pb,142.0,1.0,142.0
215,083,215Bi,457.2,1.0,457.2
215,084,215Po,0.001781,0.023,0.07743478260869566
216,081,216Tl,5.9,1.0,5.9
216,082,216Pb,99.6,1.0,99.6
217,082,217Pb,19.9,1.0,19.9
217,083,217Bi,98.5,1.0,98.5
217,084,217Po,1.53,0.025,61.199999999999996
217,085,217At,0.032600000000000004,8e-05,407.5
218,082,218Pb,14.8,1.0,14.8
218,083,218Bi,33.0,1.0,33.0
218,084,218Po,185.82,0.0002,929099.9999999999
219,083,219Bi,8.7,1.0,8.7
219,084,219Po,618.0,0.718,860.7242339832869
219,085,219At,56.0,0.064,875.0
220,083,220Bi,9.5,1.0,9.5
220,085,220At,222.6,0.92,241.9565217391304
220,087,220Fr,27.4,0.0034999999999999996,7828.571428571429
221,084,221Po,132.0,1.0,132.0
221,085,221At,138.0,1.0,138.0
221,086,221Rn,1542.0,0.78,1976.923076923077
221,087,221Fr,288.06,4.7999999999999994e-05,6001250.000000001
222,084,222Po,546.0,1.0,546.0
222,085,222At,54.0,1.0,54.0
222,087,222Fr,852.0,1.0,852.0
223,086,223Rn,1458.0,1.0,1458.0
224,085,224At,150.0,1.0,150.0
224,086,224Rn,6420.0,1.0,6420.0
224,087,224Fr,199.8,1.0,199.8
225,086,225Rn,279.6,1.0,279.6
225,087,225Fr,237.0,1.0,237.0
225,088,225Ra,1280448.0,1.0,1280448.0
226,086,226Rn,444.0,1.0,444.0
226,087,226Fr,48.5,1.0,48.5
226,089,226Ac,105732.0,0.83,127387.95180722892
227,086,227Rn,20.2,1.0,20.2
227,087,227Fr,148.20000000000002,1.0,148.20000000000002
227,088,227Ra,2532.0,1.0,2532.0
227,089,227Ac,687057392.872,0.9862000000000001,696671459.0062867
228,086,228Rn,65.0,1.0,65.0
228,087,228Fr,38.0,1.0,38.0
228,088,228Ra,181452324.5,1.0,181452324.5
228,089,228Ac,22140.0,1.0,22140.0
229,086,229Rn,11.9,1.0,11.9
229,087,229Fr,50.2,1.0,50.2
229,088,229Ra,240.0,1.0,240.0
229,089,229Ac,3762.0,1.0,3762.0
230,087,230Fr,19.1,1.0,19.1
230,088,230Ra,5580.0,1.0,5580.0
230,089,230Ac,122.0,1.0,122.0
230,091,230Pa,1503359.9999999998,0.078,19273846.153846152
231,087,231Fr,17.6,1.0,17.6
231,088,231Ra,104.0,1.0,104.0
231,089,231Ac,450.0,1.0,450.0
231,090,231Th,91872.0,1.0,91872.0
232,087,232Fr,5.5,1.0,5.5
232,088,232Ra,240.0,1.0,240.0
232,089,232Ac,118.8,1.0,118.8
233,087,233Fr,0.9,1.0,0.9
233,088,233Ra,30.0,1.0,30.0
233,089,233Ac,143.0,1.0,143.0
233,090,233Th,1309.8,1.0,1309.8
233,091,233Pa,2330640.0,1.0,2330640.0
234,088,234Ra,30.0,1.0,30.0
234,089,234Ac,45.0,1.0,45.0
234,090,234Th,2082844.8,1.0,2082844.8
234,091,234Pa,24120.0,1.0,24120.0
235,089,235Ac,62.0,1.0,62.0
235,090,235Th,432.0,1.0,432.0
235,091,235Pa,1464.0,1.0,1464.0
236,089,236Ac,270.0,1.0,270.0
236,090,236Th,2238.0,1.0,2238.0
236,091,236Pa,546.0,1.0,546.0
237,090,237Th,288.0,1.0,288.0
237,091,237Pa,522.0,1.0,522.0
237,092,237U,583372.7999999999,1.0,583372.7999999999
238,090,238Th,564.0,1.0,564.0
238,091,238Pa,136.79999999999998,1.0,136.79999999999998
238,092,238U,1.40838560738e+17,0.022000000000000002,6.401752760818181e+18
238,093,238Np,181353.6,1.0,181353.6
239,091,239Pa,6480.0,1.0,6480.0
239,092,239U,1407.0,1.0,1407.0
239,093,239Np,203558.4,1.0,203558.4
240,092,240U,50760.0,1.0,50760.0
241,093,241Np,834.0,1.0,834.0
242,092,242U,1008.0,1.0,1008.0
242,095,242Am,57672.0,0.8270000000000001,69736.39661426844
243,093,243Np,111.0,1.0,111.0
243,094,243Pu,17839.08,1.0,17839.08
244,093,244Np,137.4,1.0,137.4
244,095,244Am,36036.0,1.0,36036.0
245,094,245Pu,37800.0,1.0,37800.0
245,095,245Am,7379.999999999999,1.0,7379.999999999999
246,094,246Pu,936576.0,1.0,936576.0
246,095,246Am,2340.0,1.0,2340.0
247,094,247Pu,196128.0,1.0,196128.0
247,095,247Am,1380.0,1.0,1380.0
249,096,249Cm,3849.0000000000005,1.0,3849.0000000000005
250,097,250Bk,11563.2,1.0,11563.2
251,096,251Cm,1008.0,1.0,1008.0
251,097,251Bk,3336.0,1.0,3336.0
253,098,253Cf,1538784.0,0.9969,1543569.064098706
254,099,254Es,23820480.0,0.0174,1368993103.448276
255,098,255Cf,5100.0,1.0,5100.0
255,099,255Es,3438719.9999999995,0.92,3737739.130434782
257,099,257Es,665280.0,1.0,665280.0
